Date,State,Dead,Injured,Total,Description,Weapon,Premise
05-06-2022,South Carolina,0,4,4,Four people were injured in a drive-by shooting shortly before midnight.,Knife,Theatre
05-06-2022,Michigan,3,2,5,Three people were killed and two others wounded in a shooting during the early morning.,Knife,Bank
05-06-2022,Arizona,2,2,4,Two people were killed and two others injured in a shooting outside a nightclub.,Knife,Bank
05-06-2022,Tennessee,2,12,14,"2022 Chattanooga shooting: Fourteen were shot, two of them fatally, at a nightclub during the early morning. A third person was killed by a vehicle attempting to flee.",Sniper,Theatre
05-06-2022,Michigan,1,3,4,One person was killed and three others injured in an early morning shooting at the Festival of the Arts.,Knife,Theatre
04-06-2022,South Carolina,1,7,8,"Eight people, including six children, were shot during a graduation party after occupants in two cars opened fire at the partygoers in the yard of the house it was being held at. An adult woman was killed.",Knife,Park
04-06-2022,Pennsylvania,3,11,14,"2022 Philadelphia shooting: Fourteen people were shot, three of them fatally, by multiple shooters on South Street. One of the shooters may have been shot by a responding police officer.",Sniper,Street
04-06-2022,New York,1,3,4,"A teenager was fatally shot, and three others were wounded.",Gun,Bank
04-06-2022,Nevada,0,4,4,A couple was arrested after the boyfriend shot three people during an argument. The boyfriend was also shot.,Pistol,Park
04-06-2022,Georgia,1,3,4,"Four people were shot, one fatally, at an abandoned home.",Pistol,Theatre
04-06-2022,Texas,0,5,5,Five teenagers were wounded in a targeted shooting at an early morning graduation house party after two groups at the party began fighting.,Gun,Street
04-06-2022,Arizona,1,8,9,"A fight during a party being held at a strip mall escalated into gunfire, with nine people being shot.",Pistol,Street
03-06-2022,Nebraska,1,3,4,"Four people were shot, one fatally, shortly before midnight near an apartment complex.",Sniper,School
03-06-2022,Virginia,1,5,6,"Six people were shot, one fatally, during a party. One of the shooting victims also suffered a broken arm.",Sniper,Street
03-06-2022,West Virginia,2,2,4,"Two police officers responding to a domestic disturbance were fired upon by two men. In the ensuing gun battle, a shooter and a police officer were killed. The surviving officer and shooter were both shot.",Pistol,Street
01-06-2022,Oklahoma,5,0,5,Warren Clinic shooting: At least four people were killed and multiple were injured after a shooting inside a building on the Saint Francis Hospital campus. The shooter fatally shot himself.,Knife,Street
31-05-2022,Texas,0,4,4,Four people were shot in the Carver neighborhood.,Pistol,Street
31-05-2022,Michigan,4,0,4,A concerned relative checked their family at their home and found four of them dead. A man had killed his girlfriend and her two eldest children before committing suicide. Three younger children were found unharmed in the home.,Pistol,Theatre
30-05-2022,South Carolina,0,10,10,"Ten people were shot during a party in a vacant parking lot, including a teenager. A police officer who was arriving at the scene was shot at in his police cruiser and suffered a shrapnel injury.",Pistol,Super Market
30-05-2022,Pennsylvania,2,2,4,"A shooting at a party in the Port Richmond neighborhood left two dead, including a teenager, and two others wounded.",Pistol,Bank
30-05-2022,Michigan,1,6,7,"Seven people were shot, one fatally, outside a bar and a liquor store during the early morning.",Pistol,School
29-05-2022,Texas,0,4,4,Four people were shot in the Willow Springs neighborhood. A victim driving away from the scene fatally struck a motorcyclist.,Sniper,Park
29-05-2022,Illinois,1,4,5,"A man shot four people, one fatally, at a home in the Humboldt Park neighborhood before barricading himself inside during a domestic-related incident. The shooter was eventually shot by a SWAT team.",Pistol,Theatre
29-05-2022,Oklahoma,1,7,8,One person was killed and seven others wounded after a shooting at a Memorial Day festival at the Old City Square.,Pistol,Street
29-05-2022,Nevada,0,7,7,"Seven people were shot on U.S. Route 95, causing the highway to be shut down in both directions for several hours.",Pistol,Super Market
29-05-2022,Arizona,0,6,6,Six people were shot during a house party.,Sniper,School
29-05-2022,California,1,3,4,"Four people were shot, one fatally, at a house party during the early morning.",Gun,Bank
29-05-2022,Illinois,0,5,5,"Five people, including a teenager, were shot in the West Garfield Park neighborhood in the early morning.",Gun,Street
28-05-2022,Tennessee,0,4,4,Four people were shot during an illegal car show between the Hollywood and Hyde Park neighborhoods.,Pistol,School
28-05-2022,Florida,0,4,4,A disturbance between two teenagers at a house party escalated into a shooting that wounded four after one of the teenagers opened fire shortly before midnight.,Sniper,School
28-05-2022,California,1,3,4,One teenager was killed and three were wounded in a shooting in the McLane neighborhood.,Sniper,Bank
28-05-2022,Tennessee,0,6,6,Six people were injured during an exchange of gunfire in the Riverfront neighborhood.,Sniper,Bank
28-05-2022,Colorado,1,3,4,"Four people were shot, one fatally, in a shooting in a bar parking lot during the early morning hours.",Pistol,Theatre
27-05-2022,Michigan,4,1,5,A man fatally shot his wife and his step-children before non-fatally shooting himself in the head.,Gun,Park
27-05-2022,Alabama,0,6,6,"Six people, including several teenagers, were shot at a graduation party.",Sniper,Super Market
25-05-2022,Pennsylvania,0,4,4,"Four people were shot, including two teenagers, while on the way to a prom party in the Mantua neighborhood.",Knife,Bank
24-05-2022,Texas,22,18,40,"Robb Elementary School shooting: An 18-year-old shot his grandmother at their home before driving to Robb Elementary School, where he entered the school unobstructed, barricading himself inside a classroom and fatally shooting twenty-one people, including nineteen children. Eighteen people in total were wounded. The shooter was eventually fatally shot by a Border Patrol officer, which was shot during the shootout.",Gun,Theatre
23-05-2022,Ohio,0,5,5,Five people were shot during a memorial service in the Collinwood neighborhood.,Pistol,Bank
23-05-2022,South Carolina,0,5,5,Five people were injured in an early morning shooting at a nightclub. Several others were injured by broken glass during the chaos of the shooting.,Knife,Theatre
22-05-2022,Puerto Rico,5,0,5,Police discovered five people shot to death at a public housing complex in the Caimito barrio.,Pistol,Park
22-05-2022,Alabama,4,0,4,A man fatally shot his two teenage daughters and his wife before shooting himself.,Gun,Theatre
21-05-2022,Washington,0,4,4,A drive-by shooting in the South End area left four wounded.,Sniper,Street
21-05-2022,Indiana,2,3,5,"A shooting occurred at a home, leaving two people dead and three injured.",Knife,Street
20-05-2022,California,1,9,10,"A shooting occurred at an after-prom party, leaving one dead and nine injured.",Knife,Bank
20-05-2022,Louisiana,1,3,4,"Four people were shot, one fatally, in the Holy Cross neighborhood.",Knife,Theatre
20-05-2022,Florida,1,3,4,A drive-by shooting in front of a grocery store wounded three and killed one.,Sniper,Theatre
19-05-2022,Illinois,2,8,10,"Magnificent Mile shooting: An individual opened fire during an altercation between two groups of teenagers, killing two and injuring eight. The shooter engaged in a chase with police in the subway, during which a woman fell onto the train tracks and was electrocuted during the chaos.",Gun,Bank
19-05-2022,Texas,4,0,4,"An estranged husband opened fire on his wife, killing her, their daughter, and his mother-in-law before committing suicide.",Pistol,Street
18-05-2022,Pennsylvania,0,5,5,"Five people were shot in the Cecil B. Moore neighborhood, including a teenager.",Gun,Park
17-05-2022,California,1,3,4,"Four people were shot, one of them fatally, at a park in a targeted attack.",Sniper,Theatre
15-05-2022,North Carolina,0,7,7,Seven people were shot in three connected shootings that preceded an exchange of gunfire.,Pistol,Street
15-05-2022,North Carolina,0,4,4,Two teenagers and two juveniles were shot at a house in the Shepard Street–South Road Street Historic District.,Pistol,Street
15-05-2022,California,1,5,6,"2022 Laguna Woods shooting: A man motivated by anti-Taiwanese sentiment opened fire at a church, killing one and wounding five others, before being physically restrained by churchgoers.",Gun,Theatre
15-05-2022,Texas,2,3,5,"Two people were killed, and three others were injured, at a flea market after an argument escalated into a shooting in the Meadowviewland neighborhood.",Knife,Park
15-05-2022,Texas,1,4,5,"Five people were shot at a nightclub in the morning, with one person dying.",Gun,School
14-05-2022,New York,10,3,13,"2022 Buffalo shooting: An 18-year-old white supremacist clad in body armor opened fire at a Tops supermarket, killing ten, including a security guard, and wounding three others.",Pistol,Bank
13-05-2022,Wisconsin,0,17,17,A gunfight among several groups of people wounded seventeen people following an NBA game in the East Town neighborhood.,Gun,Street
13-05-2022,Texas,2,3,5,"Two people were killed, and three were injured, in a shooting in the Deep Ellum neighborhood.",Pistol,Park
12-05-2022,Arkansas,0,4,4,A fight outside a convention center following a high school graduation ceremony led to a shooting that injured four. No students or graduates were involved in the shooting or the fight.,Sniper,Park
11-05-2022,New Jersey,1,4,5,"A teenage girl was killed, and four men wounded, in a shooting in the Sandy Hill neighborhood.",Sniper,Bank
11-05-2022,Illinois,0,4,4,"Four people, including two children, were shot while they drove together in a vehicle in the West Englewood neighborhood.",Sniper,Park
11-05-2022,Missouri,1,3,4,"Four people, including a teenager and a baby, were injured in an ambush while they drove in a car in the Mark Twain neighborhood. One of the adult victims later succumbed to his injuries.",Sniper,Bank
11-05-2022,Indiana,0,4,4,"Four people, including two teenagers, were shot along the Canal Walk after two groups of people began shooting at each other across the water following an argument.",Pistol,Theatre
10-05-2022,Texas,1,3,4,"A shooter shot four people, one fatally, before fleeing and sparking a manhunt.",Pistol,Theatre
10-05-2022,Illinois,0,6,6,Six people were shot by two men in a drive-by shooting in the Jackson Park neighborhood on the South Side.,Sniper,Bank
10-05-2022,Maryland,0,5,5,Five people were shot during a confrontation between two groups after at least one of the groups opened fire in northwestern Baltimore.,Pistol,School
10-05-2022,Illinois,1,4,5,"Five teenagers outside in the Back of the Yards neighborhood on the South Side were shot, one fatally, by multiple occupants of a stolen vehicle.",Sniper,Street
10-05-2022,Maryland,1,3,4,"Four people were shot, one fatally, in the Milton-Montford neighborhood.",Gun,Park
10-05-2022,Pennsylvania,0,4,4,"Four people were shot, including two teenagers, in the Kensington neighborhood.",Knife,Park
09-05-2022,Alabama,0,5,5,An argument in the common area of an apartment complex led to a shooting that injured five.,Sniper,Street
09-05-2022,Michigan,0,4,4,"A fight amongst a group of people in the Chandler Park neighborhood on the city's east side led to four people, including three teenagers, being shot.",Pistol,Street
08-05-2022,Georgia,3,3,6,"Three people were killed, and another three were injured, in a shooting at a condominium complex. The shooter has not been found.",Sniper,Street
07-05-2022,Texas,2,2,4,"A shooting outside a house party left two teenagers dead, and two others injured, shortly before midnight.",Sniper,Bank
07-05-2022,Florida,0,4,4,"A fight during an informal car meet among a group of people led to a shooting that injured four, including two juveniles.",Knife,Park
07-05-2022,Kentucky,2,3,5,"A shooting during the very early morning killed two, and wounded three.",Pistol,Theatre
06-05-2022,Louisiana,2,4,6,"A shooting in the Village de L'Est neighborhood left two killed, and four others wounded.",Pistol,School
05-05-2022,Washington,0,5,5,"During a Cinco de Mayo festival, a gang member shot at a member of a rival gang who was in a crowd of people, wounding five bystanders--including four children. The shooting prompted the cancellation of the event. A 13-year old boy has now been arrested as the suspected shooter.",Pistol,Bank
03-05-2022,Oklahoma,0,4,4,A shooting at a casino in Kaw Nation territory wounded four.,Sniper,Super Market
03-05-2022,Texas,0,5,5,"An unknown shooter opened fire through an apartment window, and wounded five people.",Sniper,School
03-05-2022,Louisiana,0,5,5,Five people were injured in a shooting incident during the evening.,Knife,Bank
03-05-2022,Illinois,0,4,4,Three people were shot in the Chicago Loop as they sat at a red light at an intersection by two people. Another person was shot by a stray bullet as they crossed the street.,Pistol,Street
01-05-2022,Florida,0,6,6,"An argument among a group of people led to someone opening fire, wounding six.",Sniper,Park
01-05-2022,Ohio,1,4,5,"Five people were shot, one fatally, on a street in the early morning.",Gun,Street
01-05-2022,Louisiana,0,12,12,Officers responding to shots fired engaged an active shooter and shot the attacker. Eleven people were shot before police stopped the shooter.,Gun,School
01-05-2022,North Carolina,1,3,4,"A party being held at a park ended in gunfire, with four people being shot. One person succumbed to their injuries.",Sniper,Bank
30-04-2022,Mississippi,1,5,6,A shooting by multiple people at a festival wounded five. One of the shooters was fatally shot by a responding officer.,Knife,School
30-04-2022,Georgia,1,4,5,"A fight in the Rosedale Heights neighborhood led to a shooting that killed one, and injured four others.",Knife,Street
29-04-2022,Tennessee,2,2,4,"Four teenagers were shot, two fatally, in a drive by shooting.",Gun,Park
29-04-2022,Tennessee,2,2,4,"Two people were killed, and three others were injured, after a fight between two biker gangs led to a gunfight in a bar parking lot in the Fountain City neighborhood.",Gun,Park
29-04-2022,Louisiana,0,6,6,A shootout at a bar between two groups of people wounded six people in the 11th Ward neighborhood.,Pistol,Street
29-04-2022,Mississippi,0,4,4,A shooting at a party injured four.,Gun,Street
28-04-2022,Alabama,1,3,4,"A woman was killed, and three other people were injured, including a teenager, in a revenge shooting.",Gun,Street
27-04-2022,Louisiana,2,3,5,"An argument between two men escalated into a shooting that killed a young girl, and another man. Three children, including a toddler, were also shot.",Sniper,Super Market
27-04-2022,Illinois,0,4,4,"Four people, including a teenager, were wounded in a drive-by shooting in the West Garfield Park neighborhood.",Knife,Street
27-04-2022,Mississippi,4,0,4,"A man fatally shot three people, including the owner, at a motel in Biloxi before fleeing westward to Gulfport. In Gulfport, he fatally shot another man and carjacked his vehicle, before barricading himself inside a convenience store. The shooter assaulted two employees of the convenience store, but they escaped unharmed, after which he barricaded himself inside an office. The shooter set a fire in the room which caused him to die of smoke inhalation.",Gun,School
27-04-2022,Arizona,0,4,4,Four people were shot during an argument in the Maryvale Village neighborhood.,Gun,Theatre
27-04-2022,Texas,0,4,4,"During the filming of a music video at a barber shop, at least one person opened fire from a passing vehicle, wounding four. A fifth person was injured while trying to flee.",Knife,Super Market
26-04-2022,South Carolina,3,1,4,Three teenagers were fatally shot on a road in northwest Rock Hill. Another person was shot but survived.,Knife,School
25-04-2022,Alabama,1,3,4,"A shooting at a gathering at a Shell gas station wounded three people, and killed one.",Knife,Street
24-04-2022,Indiana,2,4,6,"A fight at a house party led to six people being shot, with two dying from their injuries.",Gun,Super Market
24-04-2022,South Carolina,1,3,4,"Four people were shot, one fatally, during the early morning hours.",Knife,School
23-04-2022,California,1,4,5,"Five people were shot, one fatally, in a shooting at a bar in the Muscupiabe neighborhood.",Gun,Park
23-04-2022,Georgia,0,5,5,Five people were shot in the Hotel District neighborhood during the late night hours.,Gun,Super Market
23-04-2022,Illinois,2,2,4,"Four people were shot, two fatally, in a drive-by shooting in the West Englewood neighborhood.",Pistol,Bank
23-04-2022,North Carolina,0,4,4,A fight at a sports bar led to a shooting that injured four during the early morning hours in the Goldest East neighborhood.,Sniper,School
22-04-2022,Virginia,0,4,4,Four people were injured in a shooting during the night in central Petersburg.,Gun,Super Market
22-04-2022,Washington D.C.,1,4,5,"A 23-year old man shot at random people at Edmund Burke School from his apartment with a sniper-style set-up, wounding four—including a child, in the Forest Hills neighborhood. The man committed suicide as officers entered his apartment.",Gun,Super Market
22-04-2022,Ohio,0,4,4,Four people were injured in the Walnut Hills neighborhood.,Gun,Street
21-04-2022,Arkansas,4,0,4,A man shot to death his parents and another couple a quarter-mile apart from each other inside their homes.,Pistol,Park
20-04-2022,Minnesota,5,0,5,"A man shot four of his family members, including two children, as they slept before shooting himself.",Pistol,Street
18-04-2022,North Carolina,4,0,4,A man shot his girlfriend and their two young children before shooting himself.,Pistol,School
17-04-2022,Florida,1,3,4,"A fight at an Easter party being held at a home ended in gunshots, with a man being killed and three others, including two juveniles, being injured.",Sniper,Super Market
17-04-2022,Louisiana,0,5,5,Five people were shot during the late evening hours.,Pistol,Street
17-04-2022,Oregon,1,3,4,"One teenage boy died, and three others are in a hospital, after a shooting in the Centennial neighborhood.",Sniper,Park
17-04-2022,Pennsylvania,0,4,4,Four people were shot in the Fairhill neighborhood.,Sniper,School
17-04-2022,South Carolina,0,9,9,A shooting at an Easter party being hosted at a nightclub wounded nine.,Knife,Bank
17-04-2022,California,1,3,4,"A shooting in the Parkway neighborhood wounded three, and killed one, during the early morning hours.",Sniper,Super Market
17-04-2022,Pennsylvania,2,9,11,"2022 Pittsburgh shooting: An early morning shooting at a party held at an Airbnb rental property in the East Allegheny neighborhood killed two juveniles, and wounded nine others. Five people sustained injuries such as broken bones and cuts when they jumped out windows to escape the gunfire.",Knife,Super Market
16-04-2022,Nevada,0,4,4,"Four people were shot, including two children, during a house party.",Sniper,Street
16-04-2022,Michigan,0,4,4,An exchange of gunfire behind a bar left four wounded.,Pistol,Street
16-04-2022,Texas,1,6,7,"Seven people were shot, one fatally, during a shooting at a pasture party and trail ride.",Sniper,Street
16-04-2022,Maryland,1,3,4,"A shooting killed one, and injured three others, in northwest Baltimore during the evening.",Gun,Bank
16-04-2022,South Carolina,0,9,9,"Columbiana Centre shooting: Nine people were shot, and five others were injured while fleeing a shooting at the Columbiana Centre, after at least one person opened fire.",Sniper,Theatre
16-04-2022,Georgia,0,4,4,"An argument between two men at a bar escalated, with them opening fire on each other and wounding one another. Two bystanders were also shot.",Knife,Street
16-04-2022,New York,1,4,5,"Shortly after midnight, five people were shot, one fatally, in the Armory Square neighborhood.",Sniper,Street
15-04-2022,California,2,2,4,"A group of people approached another group and opened fire, killing two and wounding two others in the Pacific neighborhood.",Sniper,School
15-04-2022,Kansas,1,3,4,"Police officers responding to reports of a suspicious vehicle found a woman inside a Jeep, who refused to cooperate with officers. She then pulled out a gun when officers attempted to remove her from the vehicle and opened fire, wounding three officers before being fatally shot.",Knife,Bank
12-04-2022,New York,1,3,4,"Four people were shot, one fatally, in the Allerton neighborhood of The Bronx.",Sniper,Street
12-04-2022,New York,0,10,10,"2022 New York City Subway attack: Ten people were shot when a gunman motivated by black supremacy opened fire on a New York City Subway train as it approached the 36th Street station in the Sunset Park neighborhood. Immediately before the attack, the assailant donned a gas mask and threw smoke bombs. The incident caused 19 others to be injured as they fled. The suspect was arrested the next day.",Pistol,Theatre
10-04-2022,California,2,4,6,"First responders found two men dead, and four others injured, after a shooting.",Knife,Bank
10-04-2022,Iowa,2,10,12,"A targeted shooting at a nightclub wounded ten, and killed two, after two men opened fire in the Oakhill Jackson neighborhood.",Sniper,School
10-04-2022,Louisiana,0,4,4,"Police found three people shot at two related shootings, after a  victim flagged down a police cruiser.",Sniper,Super Market
10-04-2022,Indiana,1,5,6,"A fight at a birthday party being held at an event venue erupted into gunfire, with five people being injured, and another person being killed, both in and outside the building.",Knife,Theatre
10-04-2022,Illinois,1,5,6,"An early morning shooting at a gathering being held at an apartment complex killed one, and injured five.",Gun,Park
09-04-2022,Washington D.C.,0,4,4,"A shooting carried out by two men across multiple blocks wounded four, including two teenagers.",Pistol,Bank
09-04-2022,Texas,1,3,4,"A fight inside a bar in the Wingate neighborhood spilled outside, where multiple men pulled out firearms and opened fire at each other, resulting in the death of one man, and injuries to three others.",Gun,School
09-04-2022,Florida,0,4,4,Four people were shot outside a convenience store in the Model City neighborhood during the early morning.,Pistol,Park
07-04-2022,Mississippi,4,0,4,"A man fatally shot his estranged wife, a relative, and another person in a home before shooting himself.",Sniper,Park
06-04-2022,Pennsylvania,1,3,4,"A man shot two women in the Frankford neighborhood before being pursued by police to an apartment building, where he barricaded himself inside and engaged in a gunfight with police. The man wounded a SEPTA police officer before fatally shooting himself.",Knife,Super Market
04-04-2022,Connecticut,1,3,4,"Four people were shot, one of them fatally, in the Clay Arsenal neighborhood.",Gun,Street
04-04-2022,Kentucky,0,4,4,"A large fight involving multiple juveniles erupted into gunfire. A shooter wounded three juveniles, and an adult man.",Knife,Super Market
03-04-2022,California,2,2,4,"Four people were shot, two fatally, near a playground in the Crocker-Amazon neighborhood.",Pistol,Theatre
03-04-2022,California,6,12,18,"2022 Sacramento shooting: A shootout between the Crips and Bloods, and the Bloods' local ally the G-Mobb gang, ended with one member of each gang being killed, and one Crips member being injured. Three bystanders were killed, while another eleven were wounded.",Sniper,Street
03-04-2022,Arkansas,2,2,4,"A man opened fire inside a home in Parkin, killing one and wounding another. Responding police spotted him as he drove west away from the scene, leading to a chase that ended in Wynne, where he engaged in a gunfight, wounding a police officer before being fatally shot.",Gun,School
03-04-2022,New York,0,4,4,Four people were shot as they left a party in the Willert Park neighborhood in the early morning.,Sniper,Super Market
03-04-2022,Texas,1,15,16,"During a concert just after midnight, a person fired a shot into the air, and immediately afterward, another person opened fire into the crowd of concertgoers. Sixteen people were shot, including three teenagers, and one person died.",Pistol,Park
02-04-2022,Colorado,0,5,5,"Five people were shot in two related shootings in the same neighborhood. Four people were shot in the first shooting, and a fifth was shot in the other.",Gun,Super Market
02-04-2022,Louisiana,1,4,5,"Five people were shot, one fatally, in the parking lot of a bar in the early morning.",Gun,School
02-04-2022,Louisiana,1,3,4,Four people were shot in an early morning shooting outside a bar. One person was found dead by responding police.,Sniper,Theatre
02-04-2022,North Carolina,1,3,4,"Four people were shot behind a bar, one fatally, just after midnight.",Pistol,Bank
01-04-2022,South Carolina,0,5,5,An argument led to a gunfight that injured five near midnight.,Gun,Bank
31-03-2022,Pennsylvania,2,2,4,"Police officers responding to a home robbery were fired upon by the suspect, who wounded two, and killed one. Officers returned fire and killed the suspect.",Pistol,Street
29-03-2022,New York,0,4,4,"A motorist fleeing a traffic stop opened fire as he was being pursued by police, wounding three officers, before being shot by an officer at the end of a car chase.",Pistol,Street
28-03-2022,Oregon,0,4,4,"A shooting during an illegal street-racing event in the St. Johns neighborhood wounded four, including two teenagers, and one child. The suspect, an adult male, was also injured.",Gun,Super Market
27-03-2022,Louisiana,2,2,4,"A shooting at an intersection in the Little Woods neighborhood killed two, and injured two others.",Pistol,Bank
26-03-2022,California,2,3,5,"A drive-by shooting in northern Hollister killed two, and injured three.",Sniper,Park
26-03-2022,Ohio,0,4,4,A shooting at a downtown nightclub during the early morning hours wounded four.,Gun,Bank
26-03-2022,Virginia,0,4,4,"An argument between two groups of people outside a bar in Northwest Virginia Beach just after midnight led to a shooting that injured four. Officers nearby responded and fired at one of the shooters, but they escaped uninjured.",Gun,Street
25-03-2022,Colorado,2,2,4,"A fight outside The Citadel mall during the late evening escalated into a shooting that killed two, and wounded two others.",Gun,Theatre
23-03-2022,Arizona,0,5,5,"An argument between two groups of people at a Tanger Outlets mall led to a shooting that injured five, including a child and two teenagers.",Sniper,Bank
23-03-2022,New York,0,4,4,"An attempted burglary at a home led to a gunfight, with two residents being injured, and two robbers being injured.",Pistol,Theatre
22-03-2022,California,1,3,4,"Four men, including a teenager, were shot in a parking lot just after midnight in the Valley Oak neighborhood. The teenager died as he was frantically driven to a hospital by a family member.",Pistol,Park
21-03-2022,Illinois,2,2,4,Four men were shot by someone who approached them and opened fire as they stood on the sidewalk in the South Shore neighborhood. Two of the victims later died from their injuries.,Knife,Theatre
21-03-2022,Connecticut,0,4,4,Four people were shot outside of a bar after an altercation.,Gun,Theatre
20-03-2022,Texas,0,10,10,"Crossfire between two gunmen injured 10 victims from a crowd of 1,000 spring break celebration attendees at the 'Space Dallas' party hall.",Sniper,School
20-03-2022,Wisconsin,0,4,4,"An argument at a party led to someone opening fire, wounding four people, in the Franklin Heights neighborhood.",Sniper,Bank
20-03-2022,Texas,1,3,4,"Four teenagers were shot outside another teen's birthday party being held at a production studio, with one dying from their injuries. The shooting was sparked by an argument in the parking lot of the studio.",Knife,Street
20-03-2022,Texas,0,4,4,Four people were shot at the annual SXSW festival in Downtown Austin.,Knife,Theatre
19-03-2022,North Carolina,3,2,5,"Five people were shot, three fatally, in the parking lot of a Baymont Inn in the Terry Sanford neighborhood.",Pistol,Park
19-03-2022,Texas,0,10,10,Ten people were shot during a drive-by shooting outside a party venue in the South Dallas neighborhood.,Knife,Street
19-03-2022,Arkansas,1,26,27,"A gunfight between two people at a car show killed one bystander, and wounded 26 others, including five children.",Knife,Theatre
19-03-2022,Virginia,1,4,5,"During the early morning hours, five people were shot. A woman was found dead by responding police.",Gun,Bank
19-03-2022,Virginia,2,3,5,"Five people were shot, one fatally, during the early morning hours in Downtown Norfolk.",Gun,Theatre
18-03-2022,Louisiana,0,5,5,"Five people, including a baby, were shot in a drive by shooting. The baby and another person were critically injured.",Gun,School
18-03-2022,Texas,1,3,4,"Four people were shot at a party being hosted at a house in the Far Greater Northside Historical neighborhood, with one dying.",Sniper,Theatre
17-03-2022,Michigan,0,4,4,Gunfire erupted at a party being held in a parking lot being held in the Eastside neighborhood. Four people were injured.,Sniper,Super Market
17-03-2022,Florida,2,2,4,"As a Broward County Transit bus traveled westward along Broward Boulevard to the Fort Lauderdale Police Department, a shooter opened fire inside, killing two, and wounding two others. The shooting caused the bus driver to hop the median and drive on the wrong side of the road as she drove frantically towards the police station, striking an SUV and taxi cab along the way, injuring three others. The shooter surrendered to responding police.",Sniper,Park
17-03-2022,Illinois,0,4,4,"Four people were shot in a drive-by shooting in the West Garfield Park neighborhood, including a child.",Pistol,Park
16-03-2022,New Jersey,1,3,4,"A shooter opened fire on a group of men standing outside a market in northern Irvington during the late-night hours, killing one, and injuring three.",Sniper,Super Market
15-03-2022,Alabama,0,5,5,"As a car idled at an intersection, another car pulled up to it and someone inside opened fire, wounding five people inside.",Pistol,Theatre
15-03-2022,Hawaii,1,3,4,"An attempted negotiation between a man and suspected thieves, who he thought stole a gun and cash from his car three days earlier, escalated into a gun battle after one of the suspects shot the man before the man returned fire and killed the suspect. As an employee of the man tried to render first-aid to the first suspect, a second suspect shot them before being shot themselves.",Sniper,Street
14-03-2022,New Mexico,2,4,6,"A man shot three people, killing one, in the Glenwood Hills neighborhood. Responding police were attacked by the shooter, who injured two officers, before being shot and killed himself.",Knife,Bank
14-03-2022,Pennsylvania,1,3,4,"A fight among a large group of teenagers at a park in southwest Reading led to gunfire, wounding three, and killing one. All of the victims were students of Governor Mifflin School District.",Knife,Street
13-03-2022,Illinois,0,7,7,"A car pulled up to a group of people outside a Little Caesars in South Chicago and someone in the vehicle opened fire, wounding seven people.",Knife,Street
13-03-2022,South Carolina,1,4,5,"An early morning shooting during a party being held at an apartment lead to the death of a woman, and injuries to four others, including two teenagers. The apartment complex is located just off the campus of the University of South Carolina, but no students were shot.",Knife,Super Market
13-03-2022,New York,2,2,4,"In the early morning hours at a hookah bar, four people were shot—two fatally, in the Brown Square neighborhood.",Sniper,Super Market
12-03-2022,Alabama,1,3,4,"Four people were shot, one fatally, in the evening hours in the central part of the city.",Sniper,School
12-03-2022,Maryland,3,1,4,Police responding to a shots fired call found a car in the middle of an intersection between the Gwynn Oak and Howard Park neighborhoods with four men shot inside. Three of the men were pronounced dead at a hospital.,Pistol,Super Market
11-03-2022,Ohio,1,3,4,"Four people were shot, including a security guard, shortly after midnight after a fight broke out at a bar. One of the victims died from their injuries.",Pistol,Theatre
09-03-2022,Colorado,1,3,4,Four people were shot at a Quality Inn hotel near the pool in the Peterson neighborhood. A teen boy was found dead by responding police.,Pistol,School
08-03-2022,Florida,1,4,5,Five teenagers were shot by an attacker while they sat in a car in the Oceanway neighborhood. One of the teenagers died from their injuries.,Gun,Theatre
08-03-2022,Missouri,3,1,4,"Police officers responding to a disturbance at Northpark Mall were fired upon by a shooter, leaving two officers injured. The perpetrator then fled the scene westward where another shooting between officers and the shooter occurred, leaving another officer injured as well as the attacker. One of the officers, as well as the attacker, died at a hospital later the same day, while another officer died a few days later.",Knife,Park
07-03-2022,Tennessee,0,4,4,"Three people were shot in a car in northwest Knoxville, with a fourth person also being shot a short distance away.",Sniper,Bank
06-03-2022,Kentucky,0,4,4,Four people who were dining inside a seafood restaurant in the Phoenix Hill neighborhood were shot in a drive-by shooting.,Gun,Park
06-03-2022,Texas,0,4,4,Four people were shot in the Parkway and Cherry Point neighborhood in the early morning hours.,Sniper,Bank
06-03-2022,Minnesota,1,3,4,"In the early morning hours, an argument at a home in the Whittier neighborhood escalated into a shooting that killed one, and injured three.",Sniper,Bank
06-03-2022,Pennsylvania,1,4,5,"A fight between a group of people spiraled into a shooting that injured five teenagers, one of whom died at a hospital.",Pistol,School
06-03-2022,Louisiana,0,4,4,A fight at a party being hosted at an OYO Rooms hotel led to four people being shot shortly after midnight.,Gun,Theatre
06-03-2022,South Carolina,2,3,5,"Half an hour after midnight a man shot five people, killing two. The perpetrator escaped the scene of the shooting, leading to a manhunt.",Gun,School
05-03-2022,Arizona,1,3,4,"A shooting injured three, including a teenager, and killed a man in eastern Glendale.",Pistol,Theatre
05-03-2022,Georgia,0,4,4,"After a failed car chase to capture car thieves, the criminals crashed the car into the patrol car of another officer who hadn't participated in the earlier car chase. The occupants of the stolen car exited the vehicle and opened fire on the deputy, wounding him. The officer returned fire and wounded the two attackers. A bystander who was in an automotive shop nearby was struck in the leg by gunfire.",Knife,Theatre
05-03-2022,Georgia,0,4,4,"Four people were shot when someone in a car opened fire on another car on I-75, wounding three people inside. Another car, whose occupants were not the intended target, was also shot, and one person inside was injured. A fifth victim was also struck by gunfire but was not injured.",Pistol,Theatre
03-03-2022,Nevada,1,6,7,"A dispute between neighbors led to a shooting that injured seven, one fatally, near the Las Vegas Strip.",Sniper,Theatre
02-03-2022,Maryland,1,3,4,Four men were shot in the Walbrook neighborhood. One of the victims was found dead in an alleyway by responding police.,Sniper,Theatre
28-02-2022,California,5,0,5,"A man fatally shot his three children and the children's chaperone, before shooting himself, at a church during a supervised visit. A restraining order against the father prevented him from seeing his children, except for four-hour sessions, in which a friend of the mother had to be present.",Knife,Super Market
27-02-2022,California,0,4,4,An argument between two groups of people at a Dave and Buster's late Sunday night led to shooting that injured four. All of the victims were members of the two groups.,Gun,Super Market
27-02-2022,Louisiana,0,4,4,An argument at a business in the southeast part of the city led to four people being shot.,Knife,Street
26-02-2022,South Carolina,1,3,4,"Four people were shot in the southern part of the city, and one victim died at a hospital later the same day.",Pistol,School
26-02-2022,Louisiana,0,10,10,"After the conclusion of a parade, a man fired at people in front of a store from his car, wounding several. Multiple people in the crowd fired back, seriously wounding the attacker.",Knife,Super Market
26-02-2022,New Mexico,1,3,4,"An exchange of gunfire between people in southwest Albuquerque led to four people being shot, and one victim dying from their injuries.",Knife,Bank
26-02-2022,Nevada,1,13,14,"An argument between two men at a hookah bar east of the Las Vegas strip led to the two men opening fire on each other. The subsequent shooting resulted in the death of one, and injuries to thirteen others.",Pistol,Bank
25-02-2022,Louisiana,2,2,4,"A shooter inside a car opened fire on the occupants of another car near the entrance of the Mall of Louisiana, killing two of the people inside, and wounding the other two.",Gun,Super Market
24-02-2022,Texas,4,0,4,"Four people were shot and killed in a murder–suicide, including two children in northeastern Granbury.",Sniper,Park
24-02-2022,Texas,0,4,4,A shooter opened fire on three people inside a car in the Serna Station neighborhood. A fourth person who was not targeted by the shooter was also struck by gunfire.,Knife,Super Market
23-02-2022,Georgia,0,4,4,"A man shot another man at a home in northern Claxton. When two family members of the victim arrived on the scene to check on him, the shooter shot them in their car, and was promptly shot by responding police.",Sniper,Park
22-02-2022,Georgia,1,3,4,"A man ambushed another man, some of his family members, and a neighbor who was a police officer in the victim's backyard due to a feud with his target. The deputy, who was not shot, returned fire and killed the shooter.",Pistol,School
21-02-2022,Minnesota,1,3,4,"Multiple shooters opened fire outside a funeral home hosting a memorial for a gun violence victim in the West Side neighborhood, resulting in the death of a man, and injuries to three others.",Sniper,Super Market
20-02-2022,Nebraska,0,4,4,"A shooting at a grocery store in the Prospect Hill neighborhood left four injured, including a teenager.",Pistol,School
20-02-2022,Oregon,1,3,4,"Four people were shot in a car in southeast Portland, with the female driver being killed. Among the injured were two young children.",Sniper,Bank
20-02-2022,Mississippi,1,4,5,A child was killed in a drive-by shooting targeting a group of people playing basketball at a park. Four others were injured.,Knife,Super Market
19-02-2022,Oregon,1,5,6,"Normandale Park shooting: Near an racial justice protest, a man allegedly confronted a group of protestors and engaged in an argument with them, before pulling out a gun and opening fire, killing one and wounding four others. One of the people in the group allegedly returned fire and wounded the perpetrator.",Gun,School
19-02-2022,Alabama,0,4,4,"A shooter opened fire in the food court of University Mall, shooting and injuring a woman. Three others were injured by shrapnel or bullet fragments.",Gun,Street
19-02-2022,Missouri,2,14,16,"An argument at a party being held at an abandoned building led to a shooting that injured fourteen, and killed two.",Knife,Street
19-02-2022,California,0,7,7,A man shot seven people outside a bar in the early morning hours in a targeted shooting perpetrated against one of the victims.,Sniper,Super Market
19-02-2022,North Carolina,2,2,4,"Four men were shot at a Campus Apartments complex near North Carolina Central University and Duke University. Two were found dead by responding police, and none of the victims were students of either school.",Gun,Street
17-02-2022,Pennsylvania,0,4,4,"Four bystanders, including a teen girl, were shot when two men shot at each other outside a RiteAid drugstore in the East Germantown neighborhood.",Pistol,School
17-02-2022,Texas,0,5,5,"During a biker event at a nightclub in the MacGregor neighborhood, an argument led to a shootout between patrons, which injured five people. Among the wounded was the club's bouncer.",Knife,Bank
16-02-2022,Florida,1,3,4,"Three men were wounded, and one was killed, in an ambush-style shooting in the afternoon. Two sedans pulled up alongside them on the street and opened fire.",Sniper,School
15-02-2022,Illinois,1,3,4,Four men were shot in northeast Joliet in the evening. One of the men was found dead by responding police.,Knife,Super Market
13-02-2022,Wisconsin,1,5,6,"Officers responding to an early morning shots fired call engaged in a foot chase with an armed man who had shot five people. After an attempted negotiation, he committed suicide.",Sniper,Super Market
12-02-2022,California,0,4,4,"Outside an Italian restaurant hosting a party by Justin Bieber, a fight between a group of men escalated when a shooter opened fire, wounding four, including musician Kodak Black.",Pistol,Street
12-02-2022,Arkansas,1,3,4,"In the early morning hours, four people were shot in eastern Little Rock, with one person succumbing to their injuries.",Sniper,Super Market
12-02-2022,Tennessee,1,4,5,"An argument outside a hookah bar in the early morning hours escalated when a shooter opened fire, wounding four, and killing one.",Sniper,Park
11-02-2022,Missouri,0,4,4,"A driver shot at another car, wounding four people inside in northwest Springfield.",Pistol,Super Market
11-02-2022,Arizona,2,9,11,"Responding to a call of a woman being shot, a shooter ambushed a responding officer and shot him several times. As a man fled the home with a baby, and officers attempted to aid in protecting the baby, the shooter shot four more officers, with four more being injured by bullet shrapnel. The shooter then barricaded himself inside the home, and was later found dead, along with a female victim.",Sniper,Street
06-02-2022,California,2,2,4,"A chance encounter between two rival gangs at an apartment complex in Southwest Fresno escalated into a shootout, with four gang members being shot, including a teenager. Two men died from their injuries.",Gun,Bank
06-02-2022,North Carolina,0,4,4,"A shooter fired at a crowd gathered to celebrate the life of a gun violence victim and wounded four, including a child and a teenager, in the Montgomery Place neighborhood.",Knife,Street
06-02-2022,Florida,0,4,4,"In the early morning hours, a fight at a bar led to a patron being removed from the building, after which the patron opened fire from outside the bar and wounded four other patrons.",Gun,Bank
06-02-2022,Illinois,0,5,5,"A physical altercation in the early morning hours at a Bowlero bowling alley led to a shooting, with five people being wounded.",Sniper,Street
05-02-2022,Texas,6,2,8,"A man shot four of his own family members, three fatally, in Corsicana before driving to Frost where he shot three more of his own family, killing two, including a child. After his vehicle was remotely shut off via a vehicle monitoring service, the Corsicana SWAT team closed in on his location. Before they could reach him, the shooter shot himself, and later died from his injuries.",Gun,Bank
05-02-2022,New Mexico,0,4,4,"Four people were shot in southern Las Cruces, with two teenagers requiring medical evacuation via helicopter to El Paso.",Sniper,Park
04-02-2022,Virginia,1,4,5,"Five people, including a college student at nearby Virginia Tech, which went on lockdown, were shot at a hookah lounge. One person succumbed to their injuries.",Sniper,School
02-02-2022,California,1,4,5,"Five people were wounded, one fatally, by a shooter in a Greyhound bus. The shooter was later apprehended by police at a nearby Walmart after he got into a physical altercation with a customer and took off all his clothes.",Knife,Bank
01-02-2022,Wisconsin,0,5,5,"A fight between two teenage girls about a Facebook post during a basketball game at Rufus King International High School escalated when a man opened fire, wounding four teenage girls, and an adult woman.",Gun,Super Market
31-01-2022,North Carolina,0,4,4,"Four people were shot at a motel in the late evening hours. Two of the victims were shot in the motel parking lot, while the other two were shot in their rooms.",Pistol,Street
30-01-2022,Florida,1,4,5,"Two cars engaged in a running gun battle. Four people, including two teenagers, were shot in one of the cars, with a fifth also being wounded in the other car. An adult passenger in the first vehicle was killed.",Gun,Park
30-01-2022,Georgia,1,3,4,Four people were shot in the early morning hours at a club. A man was found dead by responding police.,Pistol,Park
29-01-2022,California,0,4,4,Four people were shot at a bar during the late evening hours in the Polo Grounds neighborhood.,Gun,Park
29-01-2022,Missouri,3,1,4,"Four men were shot near an intersection in the Kingsway East neighborhood, with two found dead at the scene. Another man died at a hospital, and the surviving victim ran to a nearby convenience store for help.",Pistol,School
29-01-2022,Georgia,1,3,4,"An argument escalated into a shooting outside a sports bar in the Vine City neighborhood shortly after midnight, with one person being fatally shot, and three others being injured by gunfire.",Gun,Street
28-01-2022,Tennessee,4,0,4,A man shot his wife and two children in a murder–suicide at his home.,Pistol,Theatre
27-01-2022,California,2,3,5,"Two people were fatally shot at a Shell gas station, with three others being wounded.",Knife,Park
27-01-2022,Washington D.C.,1,4,5,Five people were shot at a Days Inn hotel in the Forest Hills neighborhood. A woman later succumbed to her injuries.,Pistol,School
23-01-2022,Wisconsin,6,0,6,Six people were found by police shot to death in a home after being called there for a welfare check in the Park West neighborhood.,Sniper,School
23-01-2022,California,4,1,5,"Four people were fatally shot at a birthday party at a home in the morning in an ambush-style attack. A fifth person was shot but survived their injuries. The woman whose birthday was being celebrated, along with her older sister, were among the deceased.",Knife,School
22-01-2022,Washington,1,3,4,"Four people were shot by an occupant in an approaching vehicle outside an apartment complex in the South End neighborhood while they were in two vehicles. Two of the victims drove away together to Tacoma, where one of them was found dead by police.",Pistol,Super Market
19-01-2022,United States Virgin Islands,1,4,5,"Four people were wounded after a drive-by shooting at a bar. An off-duty officer returned fire, killing one of the suspects.",Gun,Super Market
19-01-2022,Maryland,3,1,4,"Three men, including an on-duty violence-prevention worker, were fatally shot in the Milton-Monford neighborhood. Another man who was shot survived his injuries.",Knife,Bank
19-01-2022,Louisiana,0,4,4,"Four men were injured when a vehicle approached them and multiple occupants opened fire upon them. The victims returned fire, and the attackers fled.",Gun,Super Market
18-01-2022,Florida,1,4,5,"After a man was escorted out of a bar for assaulting his female companion, he drove away, and later returned with a gun and opened fire on the bar's security guards, with three female patrons and one security guard being wounded. A security guard inside the bar returned fire, and killed the shooter.",Knife,Bank
17-01-2022,Texas,0,4,4,Four people were shot at a Martin Luther King Jr. Day gathering in the Coliseum Willow Park neighborhood.,Pistol,Park
16-01-2022,Georgia,1,3,4,"Four people, including two teens, were shot in the Benjamin Van Clark Park neighborhood. A woman died from her injuries, and five vehicles were struck by gunfire.",Pistol,Park
15-01-2022,Georgia,1,5,6,"One person was killed, and five others injured, after two men shot at one another inside a club.",Knife,Street
15-01-2022,Tennessee,0,4,4,Four women were shot in a parked car in the early morning hours. The driver then drove them all to a hospital.,Knife,Bank
14-01-2022,Oregon,0,6,6,"A shooting broke out just before the start of a rap concert at W.O.W. Hall, resulting in six injuries.",Knife,School
14-01-2022,Georgia,3,1,4,"A man shot three people in southern Augusta, two fatally, before committing suicide.",Pistol,Street
13-01-2022,New York,0,4,4,Three men and a woman were shot inside of a rental hall in the Canarsie section of Brooklyn.,Sniper,Park
12-01-2022,Illinois,0,4,4,"Four people were wounded at the Parkway Garden Homes apartment complex in the Greater Grand Crossing neighborhood on the South Side, while standing on the sidewalk. A man approached them and opened fire before fleeing.",Sniper,School
09-01-2022,California,1,5,6,"A gunman opened fire at a large party in South Los Angeles, wounding five people, while another party-goer returned fire and wounded the shooter. The shooter fled in a vehicle, which later crashed, and died at a hospital.",Pistol,Super Market
09-01-2022,Alabama,1,6,7,"A man was killed, and six others, including four bystanders, were wounded inside a bowling alley after an argument escalated. The shooter fled afterwards.",Gun,Park
09-01-2022,California,0,4,4,Four people were wounded outside a nightclub after an argument between two people escalated.,Sniper,Park
09-01-2022,Colorado,2,2,4,"Responding officers found two people dead, and at least two injured, at an apartment complex in the early morning.",Gun,Super Market
08-01-2022,Texas,1,3,4,"A gunman opened fire outside a club, killing one, and wounding three others.",Knife,Theatre
04-01-2022,Mississippi,1,3,4,"One teen was shot to death, while three other teens were injured while sitting in a car at a gas station.",Sniper,Theatre
02-01-2022,Texas,2,2,4,Two men were found deceased in a crashed car with multiple gunshots. Two other adults in the backseat were wounded.,Knife,Street
02-01-2022,Texas,2,2,4,"An altercation led to a shooting at an apartment complex. Two people were killed, and another was wounded, after bullets went through a wall. A fourth person was injured in another apartment.",Sniper,School
01-01-2022,Illinois,2,3,5,"Two women were killed, and three others wounded, in an early morning shooting.",Gun,Super Market
01-01-2022,Pennsylvania,1,4,5,"A teenager was killed, and three adults and another teenager were wounded, in a shooting near Temple University.",Sniper,Bank
01-01-2022,South Carolina,0,5,5,"A shooter opened fire outside a nightclub, and wounded five.",Pistol,Theatre
01-01-2022,Georgia,1,3,4,"After officers were dispatched to respond to a domestic dispute at a home and they were en route, the call was upgraded to shots fired. Upon arriving, officers found a man had killed himself after shooting three people, including two children.",Sniper,Street
01-01-2022,Wisconsin,1,3,4,"A man was killed, and three others wounded, in a shooting in a parking lot in the early morning.",Sniper,Super Market
01-01-2022,Indiana,0,4,4,Four people were wounded at a shooting at a New Years party shortly after midnight.,Sniper,Super Market
01-01-2022,Colorado,2,2,4,"Two adults were killed, and two wounded, in an early morning shooting in the LoDo district.",Knife,Park
01-01-2022,Missouri,0,4,4,Four adults were wounded in the early morning in a shooting at a local bar.,Gun,Street
,,,,,,Gun,Park
,,,,,,Knife,Super Market
,,,,,,Knife,Theatre
,,,,,,Gun,Super Market
,,,,,,Knife,Theatre
,,,,,,Sniper,Park
,,,,,,Knife,Bank
,,,,,,Gun,Park
,,,,,,Sniper,School
,,,,,,Knife,School
,,,,,,Gun,Super Market
,,,,,,Gun,Super Market
,,,,,,Knife,Park
,,,,,,Sniper,School
,,,,,,Gun,Street
,,,,,,Pistol,Super Market
,,,,,,Gun,School
,,,,,,Gun,Theatre
,,,,,,Knife,Theatre
,,,,,,Gun,Street
,,,,,,Gun,Street
,,,,,,Pistol,Theatre
,,,,,,Gun,School
,,,,,,Knife,Super Market
,,,,,,Gun,School
,,,,,,Sniper,Bank
,,,,,,Gun,Theatre
,,,,,,Sniper,Super Market
,,,,,,Gun,School
,,,,,,Gun,School
,,,,,,Knife,Super Market
,,,,,,Knife,Street
,,,,,,Gun,School
,,,,,,Pistol,Super Market
,,,,,,Knife,School
,,,,,,Sniper,Street
,,,,,,Knife,Park
,,,,,,Knife,School
