Date,State,Dead,Injured,Total,Description,Weapon,Premise
29-12-2019,Texas,3,0,3,"West Freeway Church of Christ shooting: Two people were killed inside the West Freeway Church of Christ by a gunman before he was shot and killed by a member of the security team. The attack was livestreamed, leading to numerous social media posts showing the shooting in progress.",Knife,Theatre
29-12-2019,California,0,5,5,Five people were shot outside a home after returning from a bar in Modesto where they had been involved in an altercation.,Knife,Bank
29-12-2019,Illinois,0,5,5,Five women aged 18 to 32 years old were injured by gunfire after the home they were in was shot at by an unknown person.,Knife,Bank
29-12-2019,New York,1,3,4,"After an argument escalated on a front porch, four people were wounded by gunfire, with one man dying later at the hospital.",Sniper,Theatre
27-12-2019,Texas,2,7,9,Two people were killed and seven injured in a drive-by shooting at a music video set.,Knife,Theatre
27-12-2019,Georgia,0,4,4,Officers responding to a call about an individual shot arrived at a house party and found four teenagers injured.,Knife,Park
27-12-2019,California,1,3,4,Officers responding to a call of suspicious circumstances near an intersection found one man killed and two others and a woman injured.,Sniper,Street
26-12-2019,Florida,0,5,5,"Five people were wounded by gunfire outside a night club, with an additional three injured by the resulting building damage and chaos. The shooting occurred after an altercation escalated out onto the street.",Gun,Bank
25-12-2019,Iowa,1,3,4,"Police responding to reports of shots fired discovered four wounded victims, one of which died later at the hospital.",Pistol,Park
25-12-2019,Virginia,1,3,4,"One person was killed and three injured in a shooting outside a bar, after an earlier argument in a restaurant.",Pistol,Theatre
25-12-2019,California,0,4,4,Four people wounded by gunfire were discovered by police after responding to a house party.,Gun,Street
24-12-2019,North Carolina,0,6,6,Six people were wounded in a shooting in which the perpetrator was believed to have exited a vehicle and opened fire before leaving in it.,Pistol,Street
24-12-2019,Louisiana,0,4,4,Shooters wearing ski masks exited a vehicle and wounded four people before fleeing.,Sniper,School
22-12-2019,Illinois,0,13,13,"Thirteen people were shot at a party that was held to memorialize a victim of an earlier shooting, at least one was a teenager.",Sniper,Street
22-12-2019,Maryland,0,7,7,"Seven people were wounded in an early morning shooting, including two 17-year-olds.",Pistol,Street
21-12-2019,Mississippi,1,6,7,One person was killed and six injured in an apartment complex after a drive-by shooting.,Knife,Street
20-12-2019,North Carolina,2,2,4,Two people were killed and a police officer and bystander injured at the local Sanitation Department after a fight escalated.,Pistol,Street
20-12-2019,Alabama,2,2,4,Two people were killed and two were injured in a late night double homicide.,Pistol,Theatre
19-12-2019,Rhode Island,2,2,4,"A resident at Babcock Village Apartments shot two employees, one fatally, and one resident before killing himself.",Pistol,Super Market
18-12-2019,Texas,0,4,4,Four people were shot at the South Park Mall.,Pistol,Bank
17-12-2019,Montana,4,1,5,Three people are killed and one wounded in a shooting at the Emerald City Casino. The suspect was later killed by police at a different location.,Pistol,School
15-12-2019,Georgia,1,4,5,One man was killed and four others injured at an intersection early in the morning.,Sniper,Park
14-12-2019,California,0,4,4,Four teenagers were wounded in a drive-by shooting at an apartment complex.,Pistol,Theatre
12-12-2019,Missouri,1,3,4,One man was killed and three wounded in a business parking lot.,Pistol,Street
10-12-2019,New Jersey,6,3,9,"2019 Jersey City shooting: Four people were killed, including a police officer, and another three were injured in an ambush style shootout by a man and woman who were killed by police. The suspects were Black Hebrew Israelites members and targeted a kosher grocery store.",Pistol,Super Market
10-12-2019,Texas,4,0,4,"Four people were discovered dead in a home, in either by a murder-suicide or a quadruple homicide. A toddler was also in the home, unharmed.",Sniper,School
08-12-2019,Texas,2,3,5,"Two men were killed and three injured at an apartment building. The incident was originally reported as a home invasion, although the account was not confirmed.",Gun,Bank
08-12-2019,Louisiana,1,4,5,"Five people were shot outside a local bar, with one man dying of his injuries at the hospital.",Gun,Street
06-12-2019,Florida,4,8,12,Naval Air Station Pensacola shooting: A man killed three individuals and injured eight more at Naval Air Station Pensacola before being killed by police. A terrorist motive is suspected to be behind the attack.,Pistol,School
05-12-2019,Florida,4,1,5,"2019 Miramar shootout: Four people are dead and one injured after a pair of men rob a jewelry store in Coral Gables, injuring the clerk, then carjack a UPS truck and lead police on a chase that ended in a shootout in Miramar that killed the UPS driver, a bystander, and the suspects.",Sniper,School
04-12-2019,Hawaii,3,1,4,"22-year-old Gabriel Romero, a US Navy sailor and submarine crewman, randomly opened fire just minutes after starting his shift for routine guard duty at at Joint Base Pearl Harbor–Hickam. He opened fire on a group of civilian workers, killing two and wounded another, before immediately shooting himself. The motive is thought to be a toxic cultural environment in the USN, particularly among submarine crewman.",Sniper,Bank
04-12-2019,Alabama,2,2,4,Two people were killed and two wounded in an apartment complex.,Sniper,Bank
01-12-2019,Michigan,1,3,4,One person was killed and three police officers wounded when a home invasion turned into a hostage situation.,Pistol,Theatre
01-12-2019,Louisiana,2,3,5,"One woman was killed and three others wounded, including a perpetrator, after an argument escalated at a nightclub.",Gun,Park
01-12-2019,Louisiana,2,2,4,Two people were killed and two injured at an intersection hours after the first mass shooting in the city.,Sniper,Super Market
01-12-2019,Illinois,1,4,5,"One person was killed and four were injured in a shooting in Aurora, Illinois.",Knife,Bank
01-12-2019,Louisiana,0,10,10,2019 New Orleans shooting: Ten people were shot in a densely populated area with heavy police presence at a time when tens of thousands of tourists were downtown for the Bayou Classic football game.,Gun,Theatre
29-11-2019,Texas,0,7,7,Seven people were shot at a nightclub in the early morning.,Pistol,Bank
27-11-2019,New York,0,5,5,Five people were wounded including two children aged 10 and 15.,Knife,Theatre
25-11-2019,Florida,2,2,4,Two men were killed and two others wounded in a drive-by shooting. One suspect was arrested after the car crashed into a parked police car.,Pistol,Park
24-11-2019,California,0,6,6,Six people were wounded at a warehouse party after an argument escalated and the perpetrator opened fire.,Gun,Theatre
24-11-2019,Louisiana,2,2,4,Two people were killed and two others injured in an early morning shooting at a club.,Sniper,Street
24-11-2019,Alabama,1,4,5,One person was killed and four others injured in a drive-by shooting after being made to leave a club following an argument.,Knife,Street
23-11-2019,Louisiana,1,6,7,One person was killed and six injured after an argument at a club escalated and the perpetrator began to fire randomly.,Knife,Bank
23-11-2019,California,0,4,4,Four people were wounded at an outdoor party after a fight broke out.,Knife,Theatre
21-11-2019,California,0,5,5,Five people were wounded randomly as a man drove down a road and opened fire on pedestrians.,Sniper,Theatre
21-11-2019,Washington,0,4,4,Four people were wounded in an apartment complex during a large gathering.,Gun,Bank
20-11-2019,California,0,4,4,Four people were wounded in a shooting.,Pistol,Street
18-11-2019,New Jersey,1,3,4,One person was killed and three people were injured in two homes on one street.,Gun,Park
17-11-2019,California,4,6,10,"2019 Fresno shooting: Ten people were shot, four fatally, at a football watch party.",Sniper,Theatre
17-11-2019,Ohio,0,4,4,Four people were wounded outside a home by a drive-by shooting.,Pistol,Street
16-11-2019,California,5,1,6,"A man killed his estranged wife and their three children, wounding a fourth child, before killing himself.",Pistol,Street
14-11-2019,California,3,3,6,"Saugus High School shooting: A high school student shot five classmates, two fatally, before shooting himself; he died the next day in the hospital.",Gun,Theatre
11-11-2019,Florida,0,4,4,Four people were shot randomly along a road.,Knife,Park
10-11-2019,Missouri,0,4,4,Four people were wounded outside a night club after a disturbance escalated.,Gun,School
10-11-2019,Tennessee,1,4,5,A woman was killed and four others were wounded during an early morning shooting at a strip club.,Pistol,Bank
10-11-2019,Arkansas,0,4,4,"An adult male and three children, aged 12 through 13-years-old, were wounded by an unknown perpetrator while filming a rap music video.",Gun,Street
09-11-2019,Georgia,0,4,4,"Two vehicles were shot at, wounding three adults and a 10-year-old child.",Pistol,Park
09-11-2019,Michigan,0,4,4,Four men were wounded in a drive-by shooting in a parking lot.,Sniper,Park
07-11-2019,Georgia,2,3,5,An argument escalated and left one man injured and another dead. The shooter then engaged in a shootout with officers injuring two officers before being killed.,Sniper,Bank
04-11-2019,Texas,1,3,4,A man was killed and three other people were injured when a person opened fire at a group in a driveway.,Sniper,Park
03-11-2019,Ohio,0,4,4,Officers responding to a Shotspotter alert found four people wounded at a nightclub.,Sniper,Bank
03-11-2019,Texas,1,3,4,"A man shot at five men working on a barn, killing one and injured three others.",Pistol,Theatre
02-11-2019,Michigan,1,4,5,One person was killed and five injured at an after hours party.,Pistol,Theatre
02-11-2019,Louisiana,0,4,4,Four people were wounded in a shooting.,Sniper,Bank
01-11-2019,Arizona,0,5,5,Five teenagers were wounded at a Halloween party in a vacant home.,Pistol,School
01-11-2019,Texas,0,4,4,Four people were wounded in a drive-by shooting outside a night club.,Sniper,Street
31-10-2019,California,5,4,9,"Orinda shooting: At an overnight Halloween party attended by over 100 people, five people were killed, and four more wounded by gunfire.",Gun,Park
29-10-2019,California,3,9,12,Three men were killed and nine injured at a Halloween party at a residential home.,Knife,Park
28-10-2019,Maryland,1,3,4,A man was killed and two adults and a 17-year-old were injured in front of a store.,Sniper,Street
27-10-2019,Michigan,0,4,4,Four men were injured in a random drive by shooting.,Pistol,Street
27-10-2019,Michigan,1,4,5,One man was killed and four others were injured at a house party.,Sniper,Street
27-10-2019,Texas,2,10,12,Two men were killed and ten others injured at a large party to celebrate Texas A&M University's homecoming weekend.,Sniper,Bank
26-10-2019,New Jersey,0,4,4,Four people were wounded in a late night shooting.,Knife,Park
24-10-2019,Oklahoma,2,2,4,Two people were killed and two injured at a home late at night.,Pistol,Theatre
22-10-2019,Oklahoma,1,3,4,One person was killed and three wounded at an apartment complex late at night.,Pistol,School
21-10-2019,South Carolina,0,4,4,Four people were shot at random and wounded by a lone gunman.,Pistol,Bank
20-10-2019,Texas,1,3,4,A woman was killed and three others injured in an early morning shooting.,Sniper,Super Market
19-10-2019,Pennsylvania,0,4,4,Four people were shot in a drive-by shooting.,Sniper,School
19-10-2019,Texas,1,3,4,One man was killed and two others and a woman were injured in an early morning shooting.,Knife,Bank
15-10-2019,Oklahoma,2,2,4,A man killed his 11-year-old daughter and wounded her mother and the mother's boyfriend before committing suicide.,Pistol,Street
15-10-2019,Ohio,0,4,4,Three teenagers and an adult male were injured while sitting on a porch.,Sniper,Park
14-10-2019,Puerto Rico,6,0,6,2019 Río Piedras shooting: Six people were killed in a shootout at a housing project.,Gun,Street
14-10-2019,Pennsylvania,3,1,4,A woman killed her two children and her husband before attempting to commit suicide.,Gun,School
13-10-2019,Ohio,0,4,4,One woman and three men were wounded outside a bar.,Sniper,Bank
13-10-2019,Pennsylvania,0,6,6,A 14-year-old boy and five men were wounded while standing on the street.,Knife,School
12-10-2019,New York,4,3,7,Four people were killed and three injured at a social club.,Knife,Street
12-10-2019,Texas,0,4,4,Four men were wounded after a brawl near a gas station.,Gun,Park
12-10-2019,Maryland,1,3,4,A man was killed and three others injured.,Gun,Park
12-10-2019,Illinois,5,0,5,Four people were killed and one injured after a neighbor entered their apartment and opened fire. The fifth victim died of her injuries later in hospital.,Pistol,Street
12-10-2019,Michigan,1,5,6,One person was killed and five injured after an argument escalated in a local bar.,Gun,Street
10-10-2019,Pennsylvania,0,5,5,Five men were wounded after a driver was angered over a game of dice.,Gun,Street
10-10-2019,Wisconsin,1,3,4,"A man was killed while another man and two children, ages 10 and 14, were wounded.",Sniper,Super Market
10-10-2019,Florida,2,2,4,Two people were killed and two wounded at a mobile home.,Knife,Street
09-10-2019,Maryland,1,3,4,"A man was killed and three other individuals, including a 15-year-old boy, were injured.",Gun,School
07-10-2019,Massachusetts,5,0,5,"A family of five, two adults and three children, were found shot to death in their home in an apparent murder-suicide.",Gun,Theatre
06-10-2019,Colorado,0,4,4,"An argument escalated during a large gathering outside a home, and four people were wounded.",Knife,Super Market
06-10-2019,Kansas,4,5,9,Four people were killed and another five people wounded in a shooting at a bar.,Knife,School
06-10-2019,Indiana,0,5,5,"An argument inside of an American Legion bar escalated, and five men were shot as they left the bar.",Knife,Street
05-10-2019,Oklahoma,4,0,4,Two adults and two children were discovered dead in a home.,Gun,Super Market
03-10-2019,Missouri,1,3,4,Three people were wounded and a fourth later died at the hospital in a shooting.,Knife,School
03-10-2019,North Carolina,1,3,4,A man was killed and three others wounded.,Gun,Park
01-10-2019,Missouri,0,4,4,Four men were wounded after two cars drove by a crowd of people and opened fire.,Gun,Super Market
29-09-2019,Kansas,0,4,4,Four people were wounded after an individual fired a shotgun towards a group of people at a house party.,Pistol,Bank
29-09-2019,Florida,0,4,4,Four people were injured while attending a large party after an individual fired into the air.,Sniper,School
29-09-2019,Wisconsin,0,4,4,Four young women were injured after an individual fired into a home were a house party was being held.,Gun,Super Market
29-09-2019,Illinois,1,3,4,A man was killed and three injured after unknown individuals attempted to crash a house party and began shooting.,Gun,Super Market
29-09-2019,Texas,4,0,4,Four men were shot and killed at an apartment complex after a disturbance between roommates escalated.,Gun,Street
27-09-2019,Ohio,3,1,4,A man killed his mother then drove to a gas station where he attempted to kidnap a clerk then killed a man and injured the clerk before robbing another gas station and committing suicide.,Pistol,Park
24-09-2019,Illinois,1,3,4,A 17-year-old boy was killed and three adults were injured in the Lower West Side.,Pistol,Street
23-09-2019,Indiana,2,2,4,Two men were killed and a woman and man injured in an early morning shooting.,Pistol,School
22-09-2019,Missouri,0,5,5,Five people were wounded at The SPOTT Lifestyle and Swingers Club.,Sniper,Super Market
21-09-2019,Louisiana,0,4,4,Four people were wounded after shot were fired into their car.,Pistol,Street
21-09-2019,Indiana,0,6,6,Three adults and three juveniles were injured after a fight escalated.,Sniper,Park
21-09-2019,South Carolina,2,8,10,"Ten people were shot, two fatally, during a bar fight that escalated.",Sniper,School
21-09-2019,Indiana,1,3,4,A man was killed and three women injured in an early morning shooting.,Knife,Bank
20-09-2019,Louisiana,1,5,6,"Six people were shot, one fatally, at an intersection in the Mid-City Area.",Sniper,Super Market
19-09-2019,"Washington, D.C.",1,5,6,"A man was killed, and four others and a woman injured, in a possible drive-by in the Columbia Heights District.",Knife,Super Market
18-09-2019,Illinois,3,1,4,Three men were killed and one injured after an argument about cigarettes escalated outside a West Garfield Park convenience store.,Sniper,Street
18-09-2019,California,2,2,4,"A man and woman were killed, and two other women injured, in the Wilmington neighborhood after an individual shot into a crowd of people.",Pistol,Street
16-09-2019,Wyoming,2,2,4,"Two adults killed, two juveniles injured in east Cheyenne shooting.",Sniper,Street
14-09-2019,Georgia,0,4,4,Four individuals were wounded after an individual opened fire.,Gun,Bank
14-09-2019,Missouri,2,2,4,"Responding police officers discovered a car covered in gunshots, and discovered a deceased male and two men and a female injured. One of the injured men later died.",Sniper,Theatre
14-09-2019,California,1,4,5,"An argument escalated between two men outside a Laurel District bar, leading to a man killed and three men and a woman injured.",Knife,Street
13-09-2019,Ohio,0,4,4,A feud between two men led to four people being injured after it escalated in the North Fairmont neighborhood.,Sniper,Street
12-09-2019,New Mexico,1,3,4,One person was killed and three others injured at a local apartment complex.,Sniper,School
12-09-2019,New Mexico,4,2,6,"Two adults, a 16-year-old girl, and a 17-year-old boy were killed and two others injured in a mobile home park.",Knife,Bank
10-09-2019,Illinois,0,4,4,Three young adult males and a 17-year-old boy were injured in the back of a house in the West Town neighborhood.,Sniper,Street
08-09-2019,Louisiana,1,3,4,A woman shot and killed one woman and injured three others after a continuation of an argument escalated.,Pistol,Theatre
08-09-2019,South Carolina,2,3,5,"Two men were killed and three other individuals injured at a local convenience store, in the early morning.",Knife,Bank
07-09-2019,North Carolina,3,1,4,"A husband, wife and their five-year-old son were killed while the grandmother was injured in a targeted attack.",Sniper,School
04-09-2019,Louisiana,2,2,4,"A man and a seven-year-old girl were killed, and another man and a 11-year-old boy were injured after an argument apparently escalated.",Sniper,Super Market
04-09-2019,Florida,0,4,4,Three adults and a child were wounded in a shooting.,Knife,Theatre
02-09-2019,Alabama,5,0,5,A 14-year-old boy shot dead five family members – two adults and three children – in an Alabama residence. He confessed the crime to the police.,Gun,Park
02-09-2019,Illinois,0,4,4,Four men were wounded in a drive-by shooting outside of a CTA Green Line station in Washington Park.,Pistol,Bank
02-09-2019,North Carolina,2,2,4,Two men were killed and a woman and small child injured during a home invasion.,Gun,School
01-09-2019,North Carolina,0,4,4,Four people were shot at a private party at a Moose Lodge.,Pistol,Park
01-09-2019,Alabama,0,7,7,Six adult males and a 15-year-old boy were wounded outside a kindergarten after an argument over a Lanett vs. Lafayette football game escalated.,Sniper,Park
01-09-2019,Connecticut,0,4,4,Three men and a 17-year-old boy were wounded in a shooting.,Knife,Super Market
01-09-2019,Ohio,0,4,4,Four people were found shot in the early morning.,Gun,Street
31-08-2019,Texas,8,25,33,"Midland–Odessa shooting: Eight people were killed, including the perpetrator, and 25 were wounded when a gunman opened fire on police and civilians after fleeing from a traffic stop.",Knife,Super Market
31-08-2019,North Carolina,1,3,4,A man was killed and three others were injured at a University of North Carolina at Charlotte off-campus apartment complex.,Pistol,Theatre
31-08-2019,Maryland,0,4,4,Four people were injured after an argument escalated.,Sniper,Street
30-08-2019,Alabama,0,10,10,"Ten people, ranging in age from 15 to 18, were injured at a high school football game after a fight escalated.",Gun,School
30-08-2019,Maryland,1,3,4,A woman was killed and three others were injured in a possible retaliation to a previous stabbing.,Sniper,Super Market
29-08-2019,Maryland,1,3,4,"A 16-year-old boy was killed, while two teen boys – a 14-year-old and 15-year-old – and an adult woman were injured.",Pistol,Park
26-08-2019,Florida,4,0,4,"A man killed his wife, mother-in-law, and one of his three-year-old twin daughters before committing suicide.",Gun,Super Market
25-08-2019,Illinois,1,3,4,A 17-year-old boy was killed and three adults were wounded after a large group was fired upon.,Gun,School
25-08-2019,New Mexico,3,4,7,Police responded to a party due to a shots fired call and found three dead and four wounded.,Sniper,Theatre
24-08-2019,Massachusetts,1,3,4,A man was killed and three were injured while attending a basketball tournament.,Pistol,Bank
24-08-2019,Florida,2,3,5,"Two people were killed and three were injured, including a police officer, in a shooting. A suspect was apprehended.",Gun,Bank
24-08-2019,Maryland,0,7,7,Seven people were wounded at a two-year-old's birthday party after a fight escalated.,Pistol,Street
23-08-2019,Missouri,1,3,4,An eight-year-old girl was killed and three others were wounded in a shooting near Soldan High School.,Pistol,Street
23-08-2019,Texas,2,2,4,Two men were killed and a man and woman were injured in a drive-by shooting.,Gun,Super Market
22-08-2019,South Carolina,2,2,4,"A man opened fire on patrons at a bar, killing two and wounding two others, after being kicked out.",Pistol,Bank
22-08-2019,California,0,4,4,"Four people, including a social worker and a security guard were wounded in the Skid Row district.",Sniper,Park
20-08-2019,Georgia,0,4,4,Four female students from Clark Atlanta University and Spelman College were wounded during a block party.,Gun,Bank
18-08-2019,Missouri,0,4,4,Four teenagers were wounded after an argument escalated during a gathering in a hotel room.,Gun,Street
17-08-2019,Texas,0,7,7,Seven people were injured in a shooting at a party.,Gun,Theatre
17-08-2019,Missouri,0,4,4,Police responded to a shooting call and discovered four people wounded.,Sniper,Bank
17-08-2019,Virginia,1,3,4,"A woman was killed, and responding officers engaged with the suspect causing an officer, bystander and the suspect to be wounded.",Pistol,Theatre
15-08-2019,Pennsylvania,0,5,5,Four men and a teenage boy were wounded.,Pistol,Park
15-08-2019,Alabama,2,3,5,Two people were killed and three wounded in a shooting near Alabama State University.,Knife,Theatre
14-08-2019,West Virginia,1,5,6,A man killed his girlfriend and injured five others and a dog before being wounded by police and arrested.,Gun,Theatre
14-08-2019,Pennsylvania,0,6,6,Six Philadelphia Police officers were shot during an eight-hour standoff while attempting to serve a drug warrant.,Sniper,School
13-08-2019,Washington,2,3,5,Police responded to calls of shots fired and found a deceased male and three women wounded. One died at the hospital from their injuries.,Sniper,Bank
13-08-2019,Mississippi,0,4,4,Four people were wounded in a shooting.,Knife,Street
12-08-2019,California,2,2,4,A police officer was killed and two were wounded after a suspect opened fire during a traffic stop. The suspect was killed by police.,Knife,Theatre
12-08-2019,North Carolina,3,1,4,"A man shot and killed his estranged wife and a man, then wounded another man before committing suicide.",Pistol,Park
11-08-2019,Illinois,0,6,6,Six people were injured when they were shot by a gunman in a car in Garfield Park.,Knife,Street
10-08-2019,California,0,4,4,Four people were injured in an overnight shooting in the parking lot of a McDonald's restaurant.,Knife,Theatre
10-08-2019,Virginia,0,4,4,Four people were injured in a shooting.,Gun,Bank
09-08-2019,Texas,0,4,4,Four men were injured during a shoot-out at a convenience store.,Gun,Theatre
09-08-2019,Illinois,0,4,4,Four people were injured in a drive-by shooting in Marquette Park.,Gun,School
08-08-2019,New Jersey,1,3,4,A gunman wearing body armor killed another man and wounded three responding police officers before being arrested.,Sniper,Theatre
07-08-2019,Missouri,2,2,4,Two people were killed and two were injured in a shooting that also involved a motor vehicle crash.,Sniper,Super Market
06-08-2019,Georgia,4,0,4,"A man killed two women and a man, before killing himself in a triple murder–suicide.",Sniper,Park
06-08-2019,Michigan,0,4,4,Four people were shot and injured after a dispute.,Pistol,Park
05-08-2019,Texas,4,0,4,"A man killed his uncle, grandmother and mother before he set the house on fire and committed suicide in a triple murder–suicide.",Sniper,Super Market
05-08-2019,Maryland,1,3,4,One person was killed and three were wounded after a large fight broke out following a funeral service.,Pistol,Theatre
05-08-2019,New York,0,4,4,Four people were injured in a shooting during a candlelight vigil in Crown Heights.,Sniper,Street
04-08-2019,Tennessee,1,3,4,One man was killed and three others were injured in an early morning shooting.,Knife,Bank
04-08-2019,Mississippi,0,4,4,Four people were discovered wounded in an overnight shooting.,Knife,Street
04-08-2019,Illinois,1,7,8,One person was killed and seven others were injured in a shooting in the Lawndale community.,Knife,Street
04-08-2019,Illinois,0,7,7,Seven people were wounded in a drive-by shooting near Douglass Park.,Knife,Super Market
04-08-2019,Ohio,10,27,37,"2019 Dayton shooting: A gunman killed nine people and injured 27 outside of a bar after he was denied entry, before being killed by police.",Sniper,Super Market
03-08-2019,Texas,23,23,46,2019 El Paso shooting: 23 people were killed and 23 were injured at a Walmart near the Cielo Vista Mall in a Hispanophobic massacre. The perpetrator was taken into custody.,Sniper,School
02-08-2019,Maryland,3,1,4,"A man shot and killed his in-laws, and wounded an 11-year-old boy sitting in a relative's car before committing suicide.",Pistol,Super Market
02-08-2019,Virginia,2,3,5,"Two men were killed, and two women and a two-year-old were wounded at multiple crime scenes.",Pistol,Theatre
31-07-2019,Indiana,3,1,4,"Police responding to shots fired at a senior living complex discovered a wounded woman, and two males and a woman deceased. It is believed one of the deceased males was the shooter.",Pistol,School
30-07-2019,Mississippi,2,2,4,"At a Walmart store, a man killed two people then wounded a police officer before being shot by police and arrested.",Gun,Theatre
30-07-2019,Oklahoma,0,4,4,"During an attempted home invasion, shots were fired and four people were wounded.",Knife,Park
30-07-2019,Texas,3,1,4,"A man shot and killed his ex-girlfriends parents, and wounded her, before committing suicide in a murder–suicide.",Sniper,Bank
30-07-2019,Ohio,0,5,5,Five people were shot at a party at a home rented through Airbnb.,Gun,Park
28-07-2019,Wisconsin,5,2,7,"A gunman shot six people, four fatally, before killing himself.",Sniper,Bank
28-07-2019,California,4,17,21,"Gilroy Garlic Festival shooting: Sixteen people were shot, four fatally, including a gunman and two children, at the Gilroy Garlic Festival.",Sniper,Bank
28-07-2019,Pennsylvania,0,4,4,Four people were wounded on two separate streets in connection with a large party.,Pistol,School
28-07-2019,Pennsylvania,1,5,6,One man was killed and five were injured by an unknown perpetrator as the victims were preparing to shoot a rap video.,Gun,Theatre
28-07-2019,Illinois,0,4,4,One woman and three men were wounded in a drive-by shooting outside of a Lawndale gas station.,Gun,School
28-07-2019,"Washington, D.C.",0,4,4,Four people were shot and injured while standing outside of a bar/nightclub.,Pistol,Theatre
27-07-2019,Kansas,1,3,4,One man was killed and three were injured after an altercation at an apartment complex. The suspect was later arrested.,Knife,Theatre
27-07-2019,New York,1,12,13,"Thirteen people were shot, one fatally, at a playground in Brownsville.",Pistol,Theatre
25-07-2019,North Carolina,3,1,4,"Officers responded to a call at a residence and discovered three deceased victims, and one wounded male, resulting from a double murder–suicide.",Sniper,Theatre
25-07-2019,California,4,2,6,"A man killed four people, including his father and brother, and wounded two more at a total of four different crime scenes across the San Fernando Valley. Two of the wounded later died, bringing the death toll to 4 people.",Sniper,Theatre
23-07-2019,Florida,2,2,4,Two men were killed and two others were wounded after an argument between a group escalated into a shooting.,Knife,Super Market
21-07-2019,Illinois,0,4,4,"A gunman opened fire on a group of people, wounding four, as they congregated outside of a gas station.",Gun,Super Market
21-07-2019,"Washington, D.C.",0,4,4,"Four people were injured in a shooting, which was captured by surveillance video.",Knife,Street
20-07-2019,New Jersey,0,6,6,Six people were wounded in an overnight shooting.,Pistol,School
20-07-2019,Pennsylvania,0,4,4,Four teenagers—between the ages of 14 and 18—were wounded in a shooting at a graduation party.,Knife,Super Market
20-07-2019,Illinois,0,7,7,"Seven people were wounded in a shooting in Lincoln Park, after an argument between two groups escalated.",Knife,Bank
18-07-2019,Illinois,1,3,4,One woman was killed and three people were injured on a porch at a home in Garfield Park in Chicago's West Side.,Pistol,Bank
17-07-2019,Texas,1,3,4,Five men in a vehicle were targeted by a shooter who killed one and injured three others.,Gun,Super Market
16-07-2019,Texas,0,4,4,"A man opened fire on his co-workers at a moving company, injuring four, after a disagreement escalated. The suspect was later arrested.",Sniper,Park
15-07-2019,Louisiana,1,3,4,One person was killed and three were wounded in an apartment complex.,Knife,Super Market
15-07-2019,Georgia,0,4,4,Four people were wounded in a shooting after a potential drug deal turns deadly.,Sniper,Park
15-07-2019,Maryland,2,2,4,"A man attempted to use a gun to demand methadone, then killed one and wounded two before being killed by police in a shootout.",Pistol,School
13-07-2019,Pennsylvania,0,7,7,Seven people were wounded in a shooting during a neighborhood basketball game.,Sniper,Super Market
13-07-2019,Illinois,1,4,5,One person was killed and four were wounded in a drive-by shooting in Chicago's South Side.,Pistol,School
11-07-2019,Texas,0,4,4,"Four suspects got into a gunfight, wounding four teenagers in a common area at an apartment complex.",Sniper,Bank
08-07-2019,North Carolina,2,2,4,"Two people were killed and two children—16 and 10-years-old, were wounded after a domestic dispute escalated.",Knife,Super Market
08-07-2019,"Washington, D.C.",0,4,4,Four perpetrators wounded four men in a shooting outside of a 7-Eleven store.,Gun,School
07-07-2019,Michigan,2,4,6,"Six people were shot, two fatally, while in a car at a gas station. Police are looking for two suspects.",Gun,Street
07-07-2019,Kansas,0,4,4,Four people were wounded in a shooting after a potential argument escalated.,Knife,Street
07-07-2019,Illinois,0,4,4,Four people were wounded in an early morning shooting in Chicago's Englewood neighborhood.,Sniper,Super Market
07-07-2019,New Mexico,0,4,4,Four people were discovered wounded in a parking lot in the downtown area.,Gun,Street
06-07-2019,California,0,4,4,"Four people were discovered wounded by police, who responded to a shots fired call; the victims had driven away from the initial scene.",Pistol,School
06-07-2019,Michigan,2,2,4,"After a dispute over fireworks, a man shot into a crowd and injured a 12-year-old child and a woman, then barricaded himself in his home. Police discovered him and a woman deceased in the home.",Knife,Bank
06-07-2019,North Carolina,0,4,4,Four people were shot in a McDonald's parking lot after a dispute involving a rideshare vehicle.,Sniper,School
05-07-2019,New York,0,4,4,A gunman opened fire — injuring four people in the East New York neighborhood.,Knife,Super Market
05-07-2019,Illinois,0,5,5,Five people were wounded in a shooting in Chicago's Woodlawn community.,Sniper,Super Market
05-07-2019,Nevada,1,3,4,One person died and three were wounded in a shooting.,Pistol,Street
05-07-2019,Arkansas,4,0,4,"Four people were found deceased at a home in an apparent murder–suicide. The deaths consisted of two young males, and one middle aged female, not including the perpetrator who killed himself afterwards.",Sniper,Super Market
05-07-2019,Massachusetts,0,6,6,Six people were wounded in Boston's Roxbury neighborhood.,Sniper,Park
04-07-2019,Illinois,1,3,4,"One man was killed and three were wounded, after a suspect opened fire from a vehicle.",Pistol,Super Market
04-07-2019,California,0,4,4,"Four people, including a 15-year-old girl were wounded, after two perpetrators opened fire in the Historic South-Central neighborhood.",Sniper,Street
04-07-2019,Illinois,0,4,4,Four people were wounded after an argument escalated.,Gun,Bank
04-07-2019,California,1,3,4,One person was killed and three were injured after gunfire erupted at an Independence Day celebration.,Knife,Street
03-07-2019,Texas,2,3,5,The perpetrator shot and killed his sister and three others at a housewarming party. He later died at a hospital.,Gun,Bank
02-07-2019,Illinois,0,4,4,"A 16-year-old, 12-year-old and an adult were injured when an argument over fireworks escalated. The perpetrator was shot by a by-stander.",Sniper,Street
02-07-2019,Missouri,0,4,4,Four people were injured in a drive-by shooting just before midnight near a local food store.,Gun,Bank
01-07-2019,Maryland,0,4,4,"Four women were injured after a suspect opened fire on them, two were discovered by police, the others privately entered the hospital.",Sniper,Park
30-06-2019,California,0,4,4,A 12-year-old boy and two adults were injured in a shooting outside of an apartment complex.,Sniper,School
30-06-2019,California,0,5,5,Five people were wounded after a fight escalated in a mobile home park after a BBQ.,Knife,Bank
30-06-2019,Texas,2,2,4,Two teenagers were killed and two were wounded in a drive-by shooting near a playground.,Gun,Super Market
30-06-2019,New York,0,6,6,Six people were shot at a house party.,Pistol,Street
29-06-2019,Louisiana,0,7,7,Seven people were injured in a shooting outside of a night club after a fight escalated.,Gun,Park
29-06-2019,Connecticut,0,4,4,"Police discovered two people wounded, while an additional two were self-transported to area hospitals.",Pistol,Park
29-06-2019,Illinois,0,5,5,Five people were wounded after gunfire broke out at a gathering in the Near West Side neighborhood.,Gun,Park
28-06-2019,Georgia,0,7,7,Seven people were wounded during a drive-by shooting involving two vehicles.,Pistol,School
28-06-2019,New Jersey,0,4,4,Four people were wounded by gunfire that erupted on a street.,Gun,Street
28-06-2019,Connecticut,0,5,5,"Five people were wounded in a shooting, after police break up a house party.",Pistol,Theatre
28-06-2019,Minnesota,0,5,5,Five people were wounded in a shooting.,Knife,Park
27-06-2019,Georgia,0,7,7,"Seven people were wounded, two critically, in a drive-by shooting in the Old Fourth Ward neighborhood.",Pistol,School
26-06-2019,Ohio,1,3,4,"One man was killed and three others, including a boy, were wounded in a home invasion.",Sniper,School
23-06-2019,California,5,0,5,A four-hour standoff ends after a man kills four people then himself.,Knife,School
23-06-2019,South Carolina,3,1,4,Two people were killed and two were wounded in a shooting at an apartment complex. One of the victims later died at the hospital from their injuries.,Pistol,Super Market
23-06-2019,Ohio,0,5,5,Five people were wounded in a drive-by shooting outside of a local motorcycle club.,Gun,Super Market
23-06-2019,California,1,3,4,One person was killed and three others were injured after a drive-by shooting at a party.,Knife,Bank
23-06-2019,Indiana,1,10,11,One person was killed and ten were injured after the perpetrator opened fire on a patrons at a local bar.,Gun,Super Market
22-06-2019,Pennsylvania,0,4,4,Four men were wounded by gunfire in an overnight shooting.,Knife,Bank
22-06-2019,Virginia,0,4,4,Two adults and two children were injured in a shooting at Buckroe Beach.,Pistol,Park
22-06-2019,Maryland,1,4,5,"A gunman opened fire on a crowd, killing a 19-year-old man and wounding four others.",Pistol,Park
21-06-2019,Michigan,1,3,4,"Four people were shot, one fatally, at a house on the city's west side.",Knife,Street
21-06-2019,California,0,5,5,Five people were wounded in a drive-by shooting.,Knife,Bank
21-06-2019,Illinois,0,4,4,"Four people, including a pregnant woman, were wounded in a shooting outside of the Parkway Garden Homes apartment complex.",Knife,School
20-06-2019,Pennsylvania,0,10,10,Ten people were injured from gunfire outside of a nightclub.,Pistol,Street
18-06-2019,New Jersey,1,6,7,One man was killed and six others were injured after gunfire broke out in two separate locations in the downtown area.,Sniper,Park
17-06-2019,Texas,1,1,2,2019 Dallas courthouse shooting: One person was superficially injured and the perpetrator was killed in a shooting next to the Earle Cabell Federal Building.,Sniper,School
17-06-2019,Texas,0,4,4,"Four people were injured from gunfire, after getting into an altercation with another motorist.",Pistol,Super Market
17-06-2019,Tennessee,0,5,5,Five people were wounded in the parking lot of an apartment complex.,Gun,Park
16-06-2019,Pennsylvania,1,7,8,One person was killed and seven were injured at a graduation party. All of the victims are between 15 and 17 years of age.,Sniper,Park
16-06-2019,Kentucky,1,6,7,Five men and two women were discovered shot near a liquor store by police. One of the men later died at the hospital.,Gun,Super Market
16-06-2019,Iowa,0,6,6,Six people were shot in a drive-by shooting while standing in the street after a party.,Knife,Theatre
15-06-2019,Louisiana,0,4,4,Four people were wounded in a drive-by shooting outside of a nightclub.,Sniper,Theatre
15-06-2019,Iowa,4,0,4,"Three relatives, two children and two adults, were found dead from gunshot wounds in a house.",Knife,Street
12-06-2019,North Carolina,1,3,4,An adult male was killed at a party in a rented Airbnb; a teenager and two other adults were injured.,Sniper,School
11-06-2019,Georgia,2,2,4,Police responded to a scene and discovered two men deceased and two others injured.,Gun,Super Market
11-06-2019,Colorado,0,4,4,Four people were wounded in an overnight shooting; the victims were self-transported to the hospital for treatment.,Sniper,Bank
09-06-2019,Tennessee,1,3,4,One was killed and three others were injured in a shooting at a nightclub.,Pistol,Theatre
09-06-2019,New York,0,4,4,Four people were injured in a shooting after a dispute.,Sniper,Street
09-06-2019,Ohio,1,3,4,"One person was killed and three wounded, after the perpetrator opened fire on a crowd gathered in Kerruish Park.",Sniper,Super Market
08-06-2019,Washington,5,0,5,Five people were killed after the perpetrator opened fire on the Yakama Indian Reservation.,Sniper,Super Market
08-06-2019,Illinois,0,4,4,Four people were wounded in the Humbdolt neighborhood after an altercation with the suspect.,Knife,Park
07-06-2019,Texas,0,5,5,"Five people were taken to the hospital after the suspect fired shots at the ground, indirectly wounding them.",Gun,Street
06-06-2019,Illinois,1,3,4,One man was killed and three others wounded when a secondary vehicle pulled up next to vehicle and opened fire on Lake Shore Drive.,Gun,Park
05-06-2019,California,0,4,4,"A teenager opened fire at a soccer park, wounding an 11-year-old boy and three others.",Knife,Super Market
01-06-2019,Virginia,1,3,4,One person was killed and three were critically injured in an overnight shooting.,Knife,Theatre
01-06-2019,Illinois,0,4,4,An adult male and three teenagers were wounded in a shooting in the Austin community of Chicago.,Gun,Super Market
01-06-2019,Illinois,0,4,4,Four men were wounded in two separate locations near Northwestern University's Gold Coast campus.,Knife,Theatre
01-06-2019,Georgia,0,5,5,Police discovered three individuals wounded after responding to a shooting; an additional two were transported via personal vehicles to the hospital.,Sniper,Park
01-06-2019,Georgia,0,4,4,Three men and a woman were injured after a suspect opened fire at a block party.,Knife,Bank
01-06-2019,South Carolina,0,5,5,Five men were wounded in a shooting at a car wash.,Gun,Park
31-05-2019,Virginia,13,4,17,2019 Virginia Beach shooting: A gunman killed 12 people and injured four others at a city public works building. The gunman died at the scene after being shot by police.,Sniper,School
30-05-2019,Illinois,0,5,5,Five people were wounded after a vehicle pulled up to a large gathering and opened fire.,Knife,School
29-05-2019,Texas,2,3,5,"A man shot three employees at a local plumbing company, killing one before exchanging gunfire with a sheriff's deputy, also injuring him before committing suicide.",Gun,Super Market
27-05-2019,New Jersey,1,5,6,"Police responded to a shooting on Walnut Avenue, and found one teenager deceased and five adults injured.",Gun,Super Market
27-05-2019,"Washington, D.C.",0,5,5,A boy and four others were wounded in a shooting in the Barry Farm neighborhood.,Knife,Park
26-05-2019,California,1,3,4,Police discovered one person deceased and three injured after responding to reports of a shooting.,Sniper,School
26-05-2019,Virginia,0,5,5,"Multiple shooters reportedly opened fire at a block party, injuring five people.",Gun,Street
26-05-2019,"Washington, D.C.",1,3,4,One teenager was killed and two women and a child were injured after being shot in a parking lot.,Pistol,Super Market
26-05-2019,Illinois,2,3,5,"Several people were gathered outside of a party when a man opened fire, killing two and wounding three.",Gun,School
25-05-2019,Oklahoma,0,5,5,"Five people were wounded in a parking lot, after an SUV pulled up and its occupants began shooting.",Gun,Theatre
25-05-2019,Maryland,0,4,4,"Four people, including a teenager were found shot in McElderry Park.",Knife,Theatre
25-05-2019,Virginia,1,9,10,"Police responded to a noise complaint at a large party, and discovered ten people with gunshot wounds. One later died from their injuries.",Gun,Street
25-05-2019,New Jersey,0,10,10,Ten people were wounded in a shooting at a bar.,Gun,Street
20-05-2019,Louisiana,1,4,5,One teenager was killed and five were injured in a shooting.,Pistol,Theatre
20-05-2019,Ohio,0,4,4,Four people were injured in a shooting in the Hilltop neighborhood.,Gun,School
20-05-2019,Oklahoma,2,2,4,"A man opened fire on a group of people, killing two and wounding two others at an apartment complex.",Knife,Super Market
19-05-2019,Oregon,0,5,5,Five people were wounded after gunfire erupted at a warehouse party.,Gun,School
18-05-2019,Mississippi,1,5,6,One person was killed and five were injured in a shooting during a family dispute.,Sniper,Bank
18-05-2019,Iowa,2,2,4,Two people were killed and two were wounded after an assailant shot into a vehicle outside of a tobacco store.,Gun,Theatre
18-05-2019,Alabama,1,8,9,One person was killed and eight were wounded at a high school graduation party when a gunman opened fire during a fight.,Sniper,Super Market
18-05-2019,California,1,5,6,A 57-year-old woman was killed and five others were wounded during a vigil at a local bar.,Gun,School
18-05-2019,North Carolina,1,5,6,One man was killed and five were wounded at an overnight block party.,Gun,School
18-05-2019,Indiana,0,7,7,Seven people were wounded at a house party near the campus of Ball State University.,Knife,Super Market
17-05-2019,California,1,4,5,"A woman and three others, including a 4-year-old boy were wounded in what police presume was a targeted shooting. One of the victims later died from their injuries.",Knife,Street
16-05-2019,Ohio,0,4,4,"Four people, including two teenagers were wounded in a shooting.",Gun,School
15-05-2019,Louisiana,0,4,4,"Four people, including two children were wounded during an altercation between two men in a strip mall parking lot.",Pistol,Super Market
13-05-2019,Missouri,4,1,5,"Three people were killed and two were critically injured in a shooting at a home. One victim died of their injuries days later, taking the death toll to four.",Knife,School
13-05-2019,Louisiana,0,4,4,Three men and a teenager were wounded in a drive-by shooting in the Central City neighborhood.,Sniper,Street
11-05-2019,New Jersey,0,4,4,"A person began shooting at an event that was originally reported to be a rap concert and subsequently described as a birthday party. Four people were injured by the gunfire, and a fifth person suffered a head injury after falling.",Knife,Park
11-05-2019,Pennsylvania,0,4,4,Four people were wounded in a shooting inside of a residence. The perpetrator was later arrested.,Knife,School
10-05-2019,Missouri,0,6,6,"A shooting was reported near Farragut Elementary School, where two men were discovered wounded, and an additional four were identified at the hospital.",,
10-05-2019,Pennsylvania,0,5,5,A large group of adult men were ambushed by three teenagers who came out of a breezeway and shot and injured five of them.,,
08-05-2019,Indiana,0,4,4,Four people were wounded in a shooting near the northwest side of Indianapolis.,,
07-05-2019,Colorado,1,8,9,"STEM School Highlands Ranch shooting: Authorities responded to the STEM School Highlands Ranch, at about 1:50 pm on a report of shots fired. One student was fatally shot and eight others were injured; two suspects were taken into custody by police.",,
05-05-2019,New Jersey,1,4,5,"Just before 4 am, officers discovered one person deceased and four people wounded, after a fight potentially escalated.",,
05-05-2019,California,0,6,6,Officers responded to a call and discovered six individuals wounded by gunfire; the victims were transported to local hospitals for treatment.,,
04-05-2019,Missouri,1,4,5,Five people were shot inside of a vehicle; the incident resulted in one death and four injuries.,,
04-05-2019,Indiana,0,4,4,Three teens and one man were injured after a fight involving between 20 and 30 individuals.,,
04-05-2019,Delaware,0,4,4,Four people were wounded in a shooting at West 27th and Tatnall Streets.,,
03-05-2019,Maryland,0,4,4,Four people were injured and discovered after a Shot Spotter gunfire alert notified police to the location.,,
03-05-2019,Maryland,0,5,5,"Emergency responders discovered a female and two young children injured, and two men were later identified as being wounded in the same incident.",,
03-05-2019,Texas,1,3,4,Four men were discovered shot at Cherrywood Park after a drive-by shooting; one of the victims died from their injuries.,,
01-05-2019,Massachusetts,1,3,4,One person was killed and three were wounded while sitting in a parked car in Boston's Dorchester neighborhood.,,
30-04-2019,North Carolina,2,4,6,"University of North Carolina at Charlotte shooting: Six people were shot, two fatally, on the last day of classes at the University of North Carolina at Charlotte. The student gunman was taken into custody after he was tackled by one of the students in the classroom. He had several more loaded magazines in a backpack.",,
28-04-2019,Ohio,4,0,4,"Four family members, three women and one man, were found shot to death in an apartment. The suspect remains at large.",,
28-04-2019,Tennessee,0,7,7,Two men got into an altercation at a party and exchanged gunfire; seven people were wounded in the crossfire.,,
28-04-2019,Alabama,0,4,4,"A suspect in a vehicle opened fire on patrons outside of a nightclub, injuring four.",,
28-04-2019,Maryland,1,7,8,One person was killed and seven were wounded when a gunman opened fire on two cookouts at an intersection.,,
27-04-2019,Mississippi,1,3,4,One person was killed and three were injured in a shooting in south Jackson.,,
27-04-2019,Michigan,0,4,4,Four people were wounded in an overnight shooting.,,
27-04-2019,California,1,3,4,Poway synagogue shooting: One person was killed and at least three were wounded by a shooter at the Chabad of Poway synagogue.,,
26-04-2019,Oklahoma,0,4,4,"Investigators attempted to make contact with the suspect in relation to another crime, he then began to open fire, injuring three children and himself.",,
21-04-2019,Pennsylvania,0,4,4,Four people were wounded in the Grays Ferry Section of the city.,,
21-04-2019,California,0,4,4,Four seniors were wounded by gunfire after a suspect opened fire in the vehicle behind them.,,
20-04-2019,Tennessee,0,7,7,Seven people were wounded in a shooting that police believe occurred after a large fight.,,
20-04-2019,Texas,0,4,4,A disturbance in a neighborhood escalated into a shooting; four men were wounded.,,
19-04-2019,Kansas,0,4,4,"Two suspects fired multiple shots at people attending a party, injuring four.",,
18-04-2019,Kentucky,0,4,4,Four people in a vehicle were wounded when they were shot at by at least one person in another car.,,
16-04-2019,Maryland,1,3,4,A drive-by shooting killed an 18-year-old male and wounded three other men in a cul-de-sac.,,
14-04-2019,California,0,4,4,"A man opened fire inside of a bar following a disturbance, wounding four patrons.",,
14-04-2019,California,1,3,4,One man was killed and three were injured in an early morning shooting.,,
14-04-2019,Florida,2,2,4,Two women were killed and another man and woman were wounded in a drive-by shooting outside of Miami's Liberty City neighborhood.,,
12-04-2019,Illinois,0,4,4,Four people were injured in a shooting outside of a restaurant and bar.,,
11-04-2019,Arizona,3,2,5,"A man killed his wife, two of his daughters, and another man, and injured two people who came to try to help one of the victims. All of the victims were shot, with the exception of one of his daughters who was killed by blunt force trauma.",,
11-04-2019,California,1,4,5,One person was killed and four were wounded when suspects fired at them from a car in the Watts neighborhood of Los Angeles.,,
11-04-2019,Maryland,0,4,4,Four men were wounded in a shooting near Druid Hill Park.,,
09-04-2019,Missouri,0,4,4,Police found four people with gunshot wounds in front of a residence.,,
07-04-2019,Louisiana,0,4,4,Four people were wounded in a shooting at a mobile home park.,,
07-04-2019,Indiana,2,3,5,Two people were killed and three were wounded in a shooting at a motorcycle club hangout.,,
07-04-2019,North Carolina,0,6,6,Six people were wounded in a shooting outside of a local bar.,,
07-04-2019,Delaware,0,6,6,Six young men were wounded in a shooting in the city's East Side district.,,
06-04-2019,Illinois,0,6,6,At least six people were injured in a shooting at a baby shower.,,
06-04-2019,Florida,0,4,4,Four Florida A&M University students were injured in a shooting following an argument at a house party.,,
04-04-2019,Florida,1,3,4,One person was killed and three were found with gunshot injuries in Panama City.,,
04-04-2019,Georgia,3,2,5,Two officers responding to a suspected hostage situation were wounded and three individuals were later found deceased in a murder–suicide.,,
02-04-2019,Mississippi,0,4,4,A man shot four people in a drive-by shooting outside of a convenience store.,,
02-04-2019,Kentucky,0,5,5,Five people were wounded in a drive-by shooting at an intersection.,,
31-03-2019,Illinois,1,4,5,One person was killed and four people were wounded in a shooting in East Garfield Park.,,
31-03-2019,Georgia,1,4,5,One person was killed and four were wounded during a house party.,,
31-03-2019,South Carolina,0,7,7,Seven people were wounded in a shooting at an overnight house party.,,
28-03-2019,Maryland,0,4,4,Four people were wounded in a shooting near a playground.,,
25-03-2019,Nevada,0,5,5,An after-school fight led to a shooting in a neighborhood; five teenagers were wounded.,,
24-03-2019,California,1,5,6,A shooting occurred near the Fillmore Heritage Center around 8:40 pm local time; one person was killed and five others were injured.,,
24-03-2019,Arizona,0,7,7,"During a warehouse party, a fight broke out and escalated into a shooting; seven people were wounded.",,
19-03-2019,Arizona,2,4,6,An argument at a house party ended in a shooting when the perpetrator returned to the party and killed two and wounded four before fleeing.,,
17-03-2019,Georgia,0,4,4,"Four people were wounded after an argument, although the shooter claims that it was in self-defense to being randomly attacked.",,
17-03-2019,Nevada,0,4,4,Four people were wounded at the El Cortez Hotel and Casino in an early morning shooting. The suspect was later arrested.,,
17-03-2019,Georgia,1,3,4,"In the early morning, two groups were involved in a dispute, which ended with one person killed and three people wounded.",,
16-03-2019,New Jersey,1,3,4,"One man was killed and three others were wounded following a shooting at a ""residential speakeasy"".",,
15-03-2019,Alabama,2,3,5,Two men were killed and three others were wounded in an overnight shooting behind a home. The suspect was arrested the next day.,,
14-03-2019,Montana,1,3,4,"One person was fatally shot and three others were wounded, including a Montana Highway Patrol trooper following a road rage incident.",,
13-03-2019,Illinois,1,3,4,One person was killed and three were wounded after gunfire erupted in a nightclub.,,
11-03-2019,New Jersey,0,4,4,Four men were wounded in a shooting inside of a local liquor store.,,
10-03-2019,Colorado,1,4,5,"A conflict between two individuals escalated into a shooting; one man was killed, and four others were injured.",,
10-03-2019,Louisiana,0,4,4,Three children and one adult were wounded in a drive-by shooting.,,
03-03-2019,California,0,4,4,Four people were injured in a shooting at a sports bar following a fight.,,
03-03-2019,Illinois,0,6,6,Six people were injured in a shooting at a bar following a fight.,,
02-03-2019,Arkansas,1,4,5,One person was killed and four other were wounded at a party when shots were fired into a home.,,
28-02-2019,Illinois,4,0,4,Two adults and their 6 and 1-year-old children were killed in an apparent murder suicide.,,
28-02-2019,California,1,4,5,One person was killed and four others were wounded in a shooting near a gas station.,,
22-02-2019,Alabama,2,2,4,Two people were killed and two were injured in a shooting at a party in a home.,,
21-02-2019,Kentucky,2,2,4,Two people were killed and two others were found wounded in two separate shootings believed to be perpetrated by the same man.,,
21-02-2019,Maryland,1,4,5,"Officers on patrol responded to gunshots, and upon investigation discovered a deceased male and four wounded victims.",,
21-02-2019,Texas,2,2,4,A gunman perched on the roof of a home killed two and wounded two after an argument led to the incident.,,
20-02-2019,Tennessee,0,4,4,Three adults and a teenager were injured inside a home in a presumed targeted shooting.,,
18-02-2019,Michigan,4,0,4,"A 28-year-old woman killed her three children, ages 8, 6 and 2, before killing herself.",,
17-02-2019,Indiana,0,5,5,Five people were wounded after shots were fired outside of a bar. Two suspects were taken into custody by police.,,
17-02-2019,Texas,2,2,4,"Two people were wounded and two were killed in a shooting at an apartment complex. The suspect was later arrested in Bienville Parish, Louisiana.",,
17-02-2019,Louisiana,1,5,6,"After police attempted to arrest a suspect, a gunfight broke out, and led to one person being killed and five being wounded.",,
16-02-2019,Mississippi,4,0,5,"Police responded to a domestic dispute at a residence; upon arrival, the suspect fired shots at officers leading to a 12-hour hostage standoff. Four people were killed, and the suspect was taken into custody and later died.",,
15-02-2019,Illinois,6,6,12,"Aurora, Illinois shooting: A man opened fire in his workplace, killing five employees, and injuring five police officers and a civilian before being killed by police.",,
14-02-2019,Florida,2,2,4,"After a fight broke out near a basketball court at a park, multiple people started shooting at each other. Two people were killed, and two were wounded.",,
11-02-2019,Texas,5,0,5,"A family member heard sounds of gunfire, and upon investigation, found four adults and one toddler deceased.",,
09-02-2019,Virginia,0,4,4,Four people were injured in a shooting outside of an apartment complex.,,
06-02-2019,New York,1,3,4,A man was killed and three others were injured after a shooting in the lobby of an apartment building around 10:30 pm ET.,,
06-02-2019,Ohio,1,3,4,One man was killed and three others were injured after a shooting broke out in Cleveland's Clark–Fulton neighborhood.,,
05-02-2019,Texas,2,2,4,"A man and woman were killed and two others injured after the shooter kicked open an apartment door and shot inside, before fleeing.",,
04-02-2019,"Washington, D.C.",0,5,5,Four men and an elementary-school-age girl were injured in a shooting at a bus stop.,,
04-02-2019,Louisiana,0,4,4,Four people were wounded in an early morning shooting.,,
03-02-2019,Illinois,2,5,7,"Around 2 am local time, two people were killed and five people were wounded in a drive-by shooting after a fight outside of a club.",,
01-02-2019,California,0,4,4,A fight broke out at a house party and shots were fired; four people were wounded.,,
28-01-2019,Texas,2,4,6,Pecan Park Raid: Four police officers were shot while serving a warrant in southeast Houston. The two homeowners were killed.,,
27-01-2019,Alabama,0,5,5,"Police responded to a call and discovered five people with gunshot wounds, along with two of the victims sustaining life-threatening injuries.",,
26-01-2019,New Jersey,1,3,4,"A gunman opened fire on individuals attending a candlelight vigil, killing one, and wounding three others.",,
26-01-2019,Indiana,0,5,5,"A man was asked to leave a bar; shortly after, he came back and shot five people, critically wounding two.",,
26-01-2019,Georgia,0,4,4,"Two people were found with bullet wounds in front of a residence, and two more arrived at a hospital with gunshot injuries from the same shooting.",,
26-01-2019,Louisiana,5,0,5,"January 2019 Louisiana shootings: A 21-year-old man killed five people, including his parents, in two parishes in Louisiana. The suspect fled to Virginia and was arrested the next day.",,
24-01-2019,Pennsylvania,4,1,5,"A man killed two people and injured one inside a local bar, then drove away and broke into a home and killed the homeowner before killing himself.",,
24-01-2019,Georgia,4,1,5,A man killed four individuals and injured another in two separate shootings.,,
23-01-2019,Florida,5,0,5,2019 Sebring shooting: At least five people were killed in a hostage incident and shooting at a bank. The suspect was taken into custody by police.,,
20-01-2019,Florida,0,4,4,Three adults and a child were wounded in a shooting while attending a block party.,,
19-01-2019,South Carolina,1,4,5,One person was killed and four others were wounded in a shooting at a nightclub.,,
19-01-2019,Florida,3,2,5,A man killed two people and injured two more before killing himself.,,
19-01-2019,Pennsylvania,0,4,4,"In an apparent targeted shooting, four individuals were discovered shot in a building.",,
19-01-2019,Illinois,0,4,4,"Early in the morning, three women and a man were involved in a fight and were injured in the ensuing shooting.",,
19-01-2019,Texas,3,2,5,Three people were killed and two more were injured by a homeowner in a possible attempted home invasion.,,
17-01-2019,Kentucky,3,1,4,Three people were killed and another person was wounded in a shooting at a home. Two men were arrested in relation to the shooting.,,
16-01-2019,Florida,1,5,6,"A man was killed and five other people were injured in a shooting. The Mayor of Jacksonville described the shooting as gang-related, although this characterization has been disputed by the sister of the deceased man.",,
16-01-2019,California,3,1,4,Three people were killed and another one was wounded in a shooting.,,
15-01-2019,Arkansas,1,4,5,"An argument over a gun inside a local ice cream shop led to a shooting. One man was killed and four others, including the suspected shooter, were injured.",,
13-01-2019,Arizona,1,5,6,"An argument at a motel escalated into a shooting. One person was killed, and five others were injured.",,
06-01-2019,New Mexico,0,4,4,A man injured four people in a shooting following an argument at a party. He was arrested the same day.,,
04-01-2019,Virginia,3,2,5,A man killed his wife and son in their home and injured two people who were inside a vehicle before killing himself.,,
04-01-2019,Texas,1,3,4,A man injured his brother and two friends before being killed by a police officer.,,
04-01-2019,California,3,4,7,"An argument at the Torrance bowling alley escalated into a fight and three people were killed by gunshots, at least four others were wounded.  A suspect who was out of prison on parole has been arrested.",,
03-01-2019,Texas,3,1,4,Three children under the age of six were found deceased along with a wounded woman in an apparent home invasion.,,
02-01-2019,Arkansas,1,3,4,A 16-year-old boy was killed and three others were wounded during a home invasion.,,
01-01-2019,South Carolina,0,5,5,Five people were shot and wounded outside of a nightclub around 6am local time.,,
01-01-2019,Florida,0,5,5,Five people were shot and wounded around 3am local time at the University Village Shopping Center.,,
